,name,price,platform,disponibilty,category
0,HORI Nintendo Switch Split Pad Pro - Black (Nintendo Switch),55.99,Nintendo Switch,Buy Now,nan
1,Tin & Kuna (Nintendo Switch),30.99,Nintendo Switch,Buy Now,Platform
2,Robotics Notes Double Pack (Nintendo Switch),51.99,Nintendo Switch,Buy Now,Adventure
3,We Happy Few (PS4),24.99,PS4,Buy Now,"Action, Adventure"
4,"Warhammer 40,000: Mechanicus (PS4)",24.99,PS4,Buy Now,FPS
5,Void Bastards (PS4),30.99,PS4,Buy Now,FPS
6,Velocity 2X: Critical Mass Edition (PS4),11.99,PS4,Buy Now,Strategy
7,Vampyr (Xbox One),18.99,Xbox One,Buy Now,RPG
8,Ugly Dolls: An Imperfect Adventure (Xbox One),15.99,Xbox One,Buy Now,Adventure
9,Tropico 6 - El Prez Edition (PS4),21.99,PS4,Buy Now,Strategy
10,Troll Hunters: Defenders of Arcadia (PS4),32.99,PS4,Buy Now,Adventure
11,Troll and I (Xbox One),11.99,Xbox One,Buy Now,Adventure
12,Trine 4: The Nightmare Prince (Xbox One),18.99,Xbox One,Buy Now,Platform
13,Trials Rising - Gold Edition (Xbox One),15.99,Xbox One,Buy Now,Driving
14,Trials Rising - Gold Edition (Xbox One),15.99,Xbox One,Buy Now,Driving
15,Tom Clancy's - The Division 2  (Xbox One),11.99,Xbox One,Buy Now,FPS
16,Tokyo Mirage Sessions #FE Encore (Nintendo Switch),50.99,Nintendo Switch,Buy Now,RPG
17,The Witcher III Wild Hunt - Game of the Year (PS4),24.99,PS4,Buy Now,RPG
18,The Town of Light - Deluxe Edition (Code in a Box) (Nintendo Switch),14.99,Nintendo Switch,Buy Now,Adventure
19,The Sims 4 + Star Wars: Journey to Batuu (PS4),42.99,PS4,Buy Now,Simulation
20,The Persistence (Xbox One),20.99,Xbox One,Buy Now,Horror
21,The Persistence (PS4),19.99,PS4,Buy Now,Strategy
22,Outer Worlds (Xbox One),27.99,Xbox One,Buy Now,Action
23,LEGO Movie 2: The Videogame (PS4),20.99,PS4,Buy Now,Action
24,The Last of Us (PS4),18.99,PS4,Buy Now,"Action, Adventure"
25,The Crew 2 (Xbox One),20.99,Xbox One,Buy Now,Driving
26,Tales of Vesperia - Definitive Edition (Xbox One),21.99,Xbox One,Buy Now,RPG
27,Tales of Vesperia - Definitive Edition (PS4),21.99,PS4,Buy Now,RPG
28,Outer Worlds (PS4),29.99,PS4,Buy Now,Action
29,SuperEpic: The Entertainment War - Badge Edition (Nintendo Switch),24.99,Nintendo Switch,Buy Now,RPG
30,Streets of Rage 4 (PS4),27.99,PS4,Buy Now,Fighting
31,Stick It To The Man (PS4),12.99,PS4,Buy Now,Action
32,Stellaris Console Edition (Xbox One),27.99,Xbox One,Buy Now,Strategy
33,Sparklite (PS4),18.99,PS4,Buy Now,"Action, Adventure"
34,South Park: The Fractured But Whole (Xbox One),13.99,Xbox One,Buy Now,RPG
35,Medievil (PS4),22.99,PlayStation 4,Buy Now,"Action, Adventure"
36,Wolfenstein: The New Order and The Old Blood (PS4),15.99,PS4,Buy Now,Action
37,PixARK (PS4),26.99,PS4,Buy Now,"Action, Fantasy"
38,Worms Battleground and Worms WMD (PS4),19.99,PS4,Buy Now,"Action, Fighting, Platform"
39,Wargroove (PS4),17.99,PS4,Buy Now,"Strategy, Fantasy"
40,Yooka Laylee and The Impossible Lair (PS4),17.99,PS4,Buy Now,"Puzzle, Fantasy"
41,Ni No Kuni Wrath of the White Witch Remastered (PS4),26.99,PS4,Buy Now,"RPG, Fantasy"
42,Hellblade Senuas Sacrifice (PS4),26.99,PS4,Buy Now,"Action, Fantasy"
43,Wolfenstein Cyberpilot (PS4/PSVR),13.99,PS4,Buy Now,Action
44,Tomb Raider - Definitive Edition (PS4),13.99,PS4,Buy Now,"Action, Puzzle"
45,Resident Evil 5 - Remastered (PS4),14.99,PS4,Buy Now,"Action, Horror"
46,Spyro Reignited Trilogy (PS4),26.99,PS4,Buy Now,nan
47,Just Cause 4 Gold Edition (PS4),51.99,PS4,Buy Now,"Action, Third Person Shooter"
48,For The King (PS4),18.99,PS4,Buy Now,"Action, RPG, Fantasy"
49,Elder Scrolls Online Tamriel (PS4),8.99,PS4,Buy Now,"FPS, RPG, Fantasy"
50,Fallout 4 GOTY (PS4),19.99,PS4,Buy Now,"FPS, RPG"
51,Darkest Dungeon Ancestral Edition (PS4),20.99,PS4,Buy Now,"Action, RPG, Fantasy"
52,Soul Calibur VI (PS4),25.99,PS4,Buy Now,"Action, Fighting, Fantasy"
53,Jump Force (PS4),22.99,PS4,Buy Now,"Action, Fighting"
54,Worms WMD All Stars (PS4),17.99,PS4,Buy Now,"Action, Platform"
55,The Escapists (PS4),17.99,PS4,Buy Now,"RPG, Strategy"
56,Overcooked 2 (PS4),17.99,PS4,Buy Now,"Kids, Family, Simulation"
57,Hotel Transylvania 3 Monster Overboard (PS4),22.99,PS4,Buy Now,"Adventure,Kids,Family"
58,Adventure Time Pirates Of The Enchiridion (PS4),22.99,PS4,Buy Now,"Action, Adventure"
59,Dragons Dawn Of New Riders (PS4),22.99,PS4,Buy Now,"Action, Adventure"
60,Harvest Moon Light of Hope Special Edition (PS4),21.99,PS4,Buy Now,"RPG, Simulation"
61,Kingdom Hearts HD 1.5 & 2.5 ReMIX (PS4),30.99,PS4,Buy Now,"RPG, Fantasy"
62,FF XIV Shadowbringers Standard (PS4),46.99,PS4,Buy Now,Action
63,Shining Resonance RefrainLimited Edition (PS4),35.99,PS4,Buy Now,"RPG, Fantasy"
64,Contra: Rogue Corps (PS4),39.99,PlayStation 4,Buy Now,"Action, Adventure"
65,Ni No Kuni 2 Revenant Kingdom (PS4),16.99,PlayStation 4,Buy Now,RPG
66,Dissidia Final Fantasy NT + Thumb Grips (PS4),9.99,PS4,Buy Now,"Action, RPG"
67,Company of Heroes 2: All Out War (PC),34.99,PC,Buy Now,Fighting
68,Total War Troy: Limited Edition (PC),45.99,PC,Buy Now,Strategy
69,Total War: Three Kingdoms Royal Edition (PC),45.99,PC,Buy Now,Strategy
70,Yono and The Celestial Elephants (Nintendo Switch),21.99,Nintendo Switch,Buy Now,Adventure
71,Panda Hero (CiB) (Nintendo Switch),21.99,Nintendo Switch,Buy Now,Adventure
72,Mahjong Deluxe 3 (Nintendo Switch),21.99,Nintendo Switch,Buy Now,Puzzle
73,Dragon Adventure (Nintendo Switch),21.99,Nintendo Switch,Buy Now,Platformer
74,Ride 4 (PC),45.99,PC Games,Buy Now,Driving
75,Immortal Realms (PC),30.99,PC Games,Buy Now,Adventure
76,Commandos 2 & Praetorians HD (PC),41.99,PC Games,Buy Now,Strategy
77,Maneater (Xbox Series X),43.99,Xbox Series X,Buy Now,Horror
78,Ash of Gods: Redemption (Nintendo Switch),33.99,Nintendo Switch,Buy Now,Fighting
79,Empire of Sin - Day One Edition (Nintendo Switch),38.99,Nintendo Switch,Buy Now,Action
80,Eldrador Creatures (Nintendo Switch),30.99,Nintendo Switch,Buy Now,Action
81,Waifu Uncovered (Nintendo Switch),26.99,Nintendo Switch,Buy Now,Adventure
82,Peaky Blinders: Mastermind (Nintendo Switch),29.99,Nintendo Switch,Buy Now,Puzzle
83,John Wick Hex (Nintendo Switch),33.99,Nintendo Switch,Buy Now,Shooting
84,Fitness Boxing 2 (Nintendo Switch),48.99,Nintendo Switch,Buy Now,Sports
85,Captain Toad: Treasure Tracker & Rayman Legends Definitive Edition (Nintendo Switch),42.99,Nintendo Switch,Buy Now,Action
86,LEGO Harry Potter: Year 5-7 - Essentials (PSP),8.99,PSP,Buy Now,"Kids, Family"
87,Lego Star Wars: The Force Awakens (Wii U),15.99,Wii U,Buy Now,"Action, Adventure"
88,New Super Mario Bros U Inc. New Super Luigi U - Nintendo Selects (Wii U),44.99,Wii U,Buy Now,Platform
89,Paper Mario Color Splash (Wii U),26.99,Wii U,Buy Now,"Action, Adventure"
90,Star Fox Zero (Wii U),14.99,Wii U,Buy Now,"Action, Adventure"
91,Wii Fit (Wii),30.99,Wii,Buy Now,Sports
92,Super Smash Bros. Brawl - Nintendo Selects (Wii),42.99,Wii,Buy Now,Action
93,Sonic Unleashed - Essentials (PS3),17.99,PS3,Buy Now,Action
94,Sonic & SEGA All-Stars Racing - Essentials (PS3),18.99,PS3,Buy Now,Racing
95,Sonic All-Star Racing: Transformed - Essentials (PS3),17.99,PS3,Buy Now,Racing
96,Call of Duty: Ghosts - Free Fall Edition (PS3),9.99,PS3,Buy Now,FPS
97,Age of Empires 3 Complete Edition (PC),18.99,PC,Buy Now,Strategy
98,Sushi Striker: The Way of Sushido (Nintendo 3DS),15.99,Nintendo 3DS,Buy Now,Action
99,Super Mario 3D Land - Nintendo Selects (Nintendo 3DS),22.99,Nintendo 3DS,Buy Now,Action
100,Kirby Triple Deluxe - Nintendo Selects (Nintendo 3DS),22.99,Nintendo 3DS,Buy Now,Platform
101,Miitopia (Nintendo 3DS),25.99,Nintendo 3DS,Buy Now,RPG
102,Hey! PIKMIN (Nintendo 3DS),21.99,Nintendo 3DS,Buy Now,Strategy
103,Fire Emblem Echoes: Shadows of Valentia (Nintendo 3DS),23.99,Nintendo 3DS,Buy Now,RPG
104,Yo-Kai Watch 2: Fleshy Souls (Nintendo 3DS),20.99,Nintendo 3DS,Buy Now,RPG
105,Kirby's Extra Epic Yarn (Nintendo 3DS),37.99,Nintendo 3DS,Buy Now,Platform
106,Super Mario Maker - Nintendo Selects (Nintendo 3DS),22.99,Nintendo 3DS,Buy Now,Adventure
107,Donkey Kong Country Returns 3D - Nintendo Selects (Nintendo 3DS),22.99,Nintendo 3DS,Buy Now,Action
108,Tomodachi Life (Nintendo 3DS),41.99,Nintendo 3DS,Buy Now,Simulation
109,Teddy Together (Nintendo 3DS),20.99,Nintendo 3DS,Buy Now,"Kids, Family"
110,Monster Hunter: Generations (Nintendo 3DS),22.99,Nintendo 3DS,Buy Now,RPG
111,Legend of Zelda: A Link Between Worlds - Nintendo Selects (Nintendo 3DS),22.99,Nintendo 3DS,Buy Now,"Action, Adventure"
112,Mario Party: Island Tour - Nintendo Selects (Nintendo 3DS),22.99,Nintendo 3DS,Buy Now,Adventure
113,Yoshi's New Island - Nintendo Selects (Nintendo 3DS),22.99,Nintendo 3DS,Buy Now,Action
114,Nintendogs and Cats 3D: Toy Poodle - Nintendo Selects (Nintendo 3DS),22.99,Nintendo 3DS,Buy Now,Simulation
115,Nintendogs and Cats 3D: Golden Retriever - Nintendo Selects (Nintendo 3DS),22.99,Nintendo 3DS,Buy Now,Simulation
116,The Legend of Zelda: Tri Force Heroes (Nintendo 3DS),19.99,Nintendo 3DS,Buy Now,RPG
117,Yo-Kai Watch (Nintendo 3DS),19.99,Nintendo 3DS,Buy Now,RPG
118,Puzzle & Dragons Z + Puzzle & Dragons Super Mario Bros. Edition (Nintendo 3DS),12.99,Nintendo 3DS,Buy Now,Puzzle
119,Under Night in-birth Exe: Late [CL-R] (Nintendo Switch),37.99,Nintendo Switch,Buy Now,Action
120,Another World/Flashback Double Pack (Nintendo Switch),31.99,Nintendo Switch,Buy Now,Adventure
121,Dead Cells - The Prisoner's Edition (Nintendo Switch),107.99,Nintendo Switch,Buy Now,Action
122,G.I. Joe: Operation Blackout (Xbox One),38.99,Xbox One,Buy Now,Action
123,Power Rangers: Battle For The Grid: Collectors Edition (Xbox One),28.99,Xbox One,Buy Now,Fighting
124,Nickelodeon Kart Racers 2: Grand Prix (Xbox One),38.99,Xbox One,Buy Now,Driving
125,Kunai (Nintendo Switch),29.99,Nintendo Switch,Buy Now,Platform
126,Remothered: Broken Porcelain (Xbox One),28.99,Xbox One,Buy Now,Adventure
127,Minecraft Dungeons (Nintendo Switch),30.99,Nintendo Switch,Buy Now,Adventure
128,Ary and the Secret Of Seasons (Xbox One),37.99,Xbox One,Buy Now,Adventure
129,Resident Evil 3 (Xbox One),43.99,Xbox One,Buy Now,RPG
130,FIFA 20 Legacy Edition (Nintendo Switch),38.99,Nintendo Switch,Buy Now,Sports
131,BLACKSAD: Under The Skin Limited Edition (Nintendo Switch),41.99,Nintendo Switch,Buy Now,Adventure
132,BLACKSAD - Under The Skin Limited Edition (Xbox One),24.99,Xbox One,Buy Now,Adventure
133,Civilization VI (Xbox One),33.99,Xbox One,Buy Now,Strategy
134,Trine 4: The Nightmare Prince (Nintendo Switch),30.99,Nintendo Switch,Buy Now,Platform
135,WWE 2K20 (Xbox One),27.99,Xbox One,Buy Now,Fighting
136,Fire Emblem: Three Houses (Nintendo Switch),54.99,Nintendo Switch,Buy Now,Adventure
137,The LEGO Movie Videogame (Xbox One),17.99,Xbox One,Buy Now,Action
138,Sushi Striker - The Way Of Sushido - (Nintendo Switch),17.99,Nintendo Switch,Buy Now,Adventure
139,Scribblenauts Showdown (Xbox One),11.99,Xbox One,Buy Now,Adventure
140,Kirby Star Allies - Nintendo (Nintendo Switch),56.99,Nintendo Switch,Buy Now,Adventure
141,FIFA 19 (Xbox One),15.99,Xbox One,Buy Now,Sports
142,Darksiders Genesis (Nintendo Switch),30.99,Nintendo Switch,Buy Now,Action
143,Transformers: Battlegrounds (Nintendo Switch),28.99,Nintendo Switch,Buy Now,Action
144,Steven Universe: Save the Light & OK K.O! Let's Play Heroes (Xbox One),18.99,Xbox One,Buy Now,"Action, Adventure"
145,Remothered: Broken Porcelain (Nintendo Switch),29.99,Nintendo Switch,Buy Now,Adventure
146,Sword Art Online: Fatal Bullet - Complete Edition (Nintendo Switch),39.99,Nintendo Switch,Buy Now,RPG
147,Sayonara Wild Hearts (Nintendo Switch),21.99,Nintendo Switch,Buy Now,Action
148,HORI Nintendo Switch Split Pad Pro - Blue (Nintendo Switch),55.99,Nintendo Switch,Buy Now,nan
149,Ministry Of Broadcast Bad Edit (Nintendo Switch),46.99,Nintendo Switch,Buy Now,Adventure
150,Streets Of Rage 4 (Nintendo Switch),37.99,Nintendo Switch,Buy Now,Fighting
151,Witcher 3  - Game of the Year Edition (Nintendo Switch),54.99,Nintendo Switch,Buy Now,RPG
152,GRIP: Combat Racing (Code in Box) (Nintendo Switch),10.99,Nintendo Switch,Buy Now,Driving
153,Pikmin 3 - Deluxe (Nintendo Switch),46.99,Nintendo Switch,Buy Now,Adventure
154,Crash Bandicoot 4: It’s About Time (Xbox One),49.99,Xbox One,Buy Now,"Action, Platform"
155,Borderlands: The Handsome Collection (PS4),16.99,PS4,Buy Now,"Action, FPS, RPG, Sci-Fi"
156,Yooka-Laylee (Xbox One),14.99,Xbox One,Buy Now,"Action, Adventure"
157,Yakuza Kiwami (PS4),22.99,PS4,Buy Now,Action
158,WWE 2K18 (Xbox One),11.99,Xbox One,Buy Now,Fighting
159,WWE Battlegrounds (PS4),30.99,PS4,Buy Now,Fighting
160,World War Z (PS4),24.99,PS4,Buy Now,Action
161,World of Warships: Legends - Firepower Deluxe Edition (PS4),19.99,PS4,Buy Now,Simulation
162,We Happy Few (Xbox One),22.99,Xbox One,Buy Now,Action
163,Warriors Orochi 4 (Xbox One),18.99,Xbox One,Buy Now,Action
164,Warriors Orochi 4 - Ultimate (Xbox One),29.99,Xbox One,Buy Now,Action
165,Vikings - Wolves of Midgard Special Edition (Xbox One),18.99,Xbox One,Buy Now,Action
166,Valkyria Chronicles 4 (Xbox One),21.99,Xbox One,Buy Now,Strategy
167,Ugly Dolls: An Imperfect Adventure (PS4),16.99,PS4,Buy Now,Adventure
168,Ugly Dolls: An Imperfect Adventure (Nintendo Switch),18.99,Nintendo Switch,Buy Now,Adventure
169,Trials Rising: Gold Edition (Nintendo Switch),16.99,Nintendo Switch,Buy Now,Strategy
170,The Inner World - The Last Wind Monk (PS4),12.99,PS4,Buy Now,"Action, Adventure"
171,Super Monkey Ball: Banana Blitz HD (Xbox One),18.99,Xbox One,Buy Now,"Kids, Family"
172,SuperEpic: The Entertainment War - Badge Edition (PS4),24.99,PS4,Buy Now,Platform
173,Super Dragon Ball Heroes : World Mission (Nintendo Switch),39.99,Nintendo Switch,Buy Now,Action
174,State Of Decay 2 (Xbox One),17.99,Xbox One,Buy Now,Action
175,Star Wars: Pinball (Nintendo Switch),21.99,Nintendo Switch,Buy Now,Action
176,Star Wars: Squadrons (Xbox One),26.99,Xbox One,Buy Now,RPG
177,Sparklite (Xbox One),19.99,Xbox One,Buy Now,"Action, Adventure"
178,Space Hulk: Tactics (PS4),18.99,PS4,Buy Now,Strategy
179,Soul Calibur VI (Xbox One),18.99,Xbox One,Buy Now,Action
180,Snooker 19 - Gold Edition (Nintendo Switch),32.99,Nintendo Switch,Buy Now,Sports
181,Snack World: The Dungeon Crawl - Gold (Nintendo Switch),40.99,Nintendo Switch,Buy Now,RPG
182,Slay the Spire (Xbox One),18.99,Xbox One,Buy Now,Strategy
183,Skully (Xbox One),21.99,Xbox One,Buy Now,Fighting
184,Sine Mora EX (Nintendo Switch),17.99,Nintendo Switch,Buy Now,Sci-Fi
185,Sega Mega Drive Classics (PS4),23.99,PS4,Buy Now,Action
186,Scribblenauts Showdown (PS4),11.99,PS4,Buy Now,"Kids, Family"
187,Scribblenauts Showdown (PS4),11.99,PS4,Buy Now,RPG
188,Sairento (PS4),18.99,PS4,Buy Now,FPS
189,Root Letter: Last Answer - Day One Edition (PS4),17.99,PS4,Buy Now,Adventure
190,Rogue Trooper Redux (PS4),12.99,PS4,Buy Now,Action
191,Rock of Ages III: Make & Break (Nintendo Switch),21.99,Nintendo Switch,Buy Now,Action
192,Rocket Arena – Mythic Edition (PS4),8.99,PS4,Buy Now,Action
193,RIOT: Civil Unrest (Nintendo Switch),18.99,Nintendo Switch,Buy Now,Strategy
194,Resident Evil: Revelations HD (Xbox One),18.99,Xbox One,Buy Now,Action
195,Resident Evil: Revelations 2 (PS4),18.99,PS4,Buy Now,Action
196,Resident Evil: Revelations HD (PS4),18.99,PS4,Buy Now,Action
197,Redeemer: Enhanced Edition (Xbox One),11.99,Xbox One,Buy Now,"Action, Adventure"
198,Redeemer: Enhanced Edition (PS4),15.99,PS4,Buy Now,"Action, Adventure"
199,Railway Empire - Complete Collection (PS4),28.99,PS4,Buy Now,Simulation
200,Project Highrise Architects Edition (Xbox One),17.99,Xbox One,Buy Now,Strategy
201,Project Highrise Architects Edition (PS4),15.99,PS4,Buy Now,Strategy
202,1971 Project Helios (PS4),21.99,PS4,Buy Now,Strategy
203,Project Cars 2 (Xbox One),16.99,Xbox One,Buy Now,Driving
204,Project Cars - Game of the Year (Xbox One),13.99,Xbox One,Buy Now,Driving
205,Pool Nation (PS4),17.99,PS4,Buy Now,Sports
206,Planescape: Torment & Icewind Dale - Enhanced Edition (Xbox One),19.99,Xbox One,Buy Now,RPG
207,PixARK (Xbox One),16.99,Xbox One,Buy Now,"Action, Adventure"
208,Petoons Party (PS4),17.99,PS4,Buy Now,RPG
209,Persona 3: Dancing in Moonlight (PS4),22.99,PS4,Buy Now,Music
210,Outward (Xbox One),18.99,Xbox One,Buy Now,RPG
211,Our World Is Ended (PS4),17.99,PS4,Buy Now,Adventure
212,Ori and the Will of the Wisps (Xbox One),26.99,Xbox One,Buy Now,Platform
213,Onrush (Xbox One),11.99,Xbox One,Buy Now,Driving
214,Onrush (PS4),11.99,PS4,Buy Now,Driving
215,Oninaki (Nintendo Switch),32.99,Nintendo Switch,Buy Now,RPG
216,Oninaki (PS4),21.99,PS4,Buy Now,RPG
217,One Punch Man: A Hero Nobody Knows (PS4),24.99,PS4,Buy Now,Fighting
218,One Piece World Seeker (Xbox One),19.99,Xbox One,Buy Now,"Action, Adventure"
219,One Piece World Seeker (PS4),24.99,PS4,Buy Now,"Action, Adventure"
220,One Piece: Pirate Warriors 3 (PS4),19.99,PS4,Buy Now,Fighting
221,One Piece: Burning Blood (Xbox One),18.99,Xbox One,Buy Now,Fighting
222,Oddworld: Stranger's Wrath HD (Nintendo Switch),23.99,Nintendo Switch,Buy Now,"Action, Adventure"
223,Nioh (PS4),18.99,PS4,Buy Now,Action
224,New Gundam Breaker (PS4),20.99,PS4,Buy Now,"Action, Adventure"
225,Neverwinter Nights - Enhanced Edition (Xbox One),18.99,Xbox One,Buy Now,RPG
226,Need for Speed (PS4),18.99,PS4,Buy Now,Driving
227,NBA 2K Playgrounds 2 (Xbox One),12.99,Xbox One,Buy Now,Sports
228,NBA 2K Playgrounds 2 (PS4),12.99,PS4,Buy Now,Sports
229,NBA 2K18 (Nintendo Switch),8.99,Nintendo Switch,Buy Now,Sports
230,Narcos: Rise of the Cartels (Nintendo Switch),21.99,Nintendo Switch,Buy Now,nan
231,My Hero One's Justice (PS4),28.99,PS4,Buy Now,Fighting
232,Mr DRILLER DrillLand (Code in a box) (Nintendo Switch),18.99,Nintendo Switch,Buy Now,Puzzle
233,Moving Out (PS4),24.99,PS4,Buy Now,Action
234,Mortal Kombat XL (Xbox One),18.99,Xbox One,Buy Now,Fighting
235,Monopoly Family Fun Pack (PS4),20.99,PS4,Buy Now,"Kids, Family"
236,Middle-Earth: Shadow of War (Xbox One),11.99,Xbox One,Buy Now,Action
237,Metro Redux (Nintendo Switch),39.99,Nintendo Switch,Buy Now,FPS
238,11-11: Memories Retold (Xbox One),13.99,Xbox One,Buy Now,Adventure
239,Mega Man 11 (Xbox One),16.99,Xbox One,Buy Now,Action
240,Mega Man 11 (PS4),18.99,PS4,Buy Now,Platform
241,Max: The Curse of Brotherhood (Code in a Box) (Nintendo Switch),14.99,Nintendo Switch,Buy Now,Driving
242,Mass Effect: Andromeda (PS4),17.99,PS4,Buy Now,RPG
243,Mass Effect: Andromeda (Xbox One),11.99,Xbox One,Buy Now,RPG
244,Mario & Sonic at the Olympic Games Tokyo 2020 (Nintendo Switch),54.99,Nintendo Switch,Buy Now,Sports
245,Lost Sphear (PS4),22.99,PS4,Buy Now,RPG
246,Indivisible (Xbox One),17.99,Xbox One,Buy Now,Action
247,Immortal Realms: Vampire Wars (Xbox One),28.99,Xbox One,Buy Now,Strategy
248,Immortal Realms: Vampire Wars (Nintendo Switch),29.99,Nintendo Switch,Buy Now,Strategy
249,Ice Age: Scrat's Nutty Adventure (PS4),22.99,PS4,Buy Now,"Action, Adventure"
250,Homefront - The Revolution (Xbox One),10.99,Xbox One,Buy Now,FPS
251,Heroland - Knowble Edition (PS4),18.99,PS4,Buy Now,Adventure
252,Hello Neighbor: Hide & Seek (Xbox One),23.99,Xbox One,Buy Now,Action
253,Hellmut: The Badass From Hell (PS4),18.99,PS4,Buy Now,Action
254,Headmaster - Extra Time Edition (PS4),22.99,PS4,Buy Now,"Action, Adventure"
255,Harvest Moon: Mad Dash (PS4),18.99,PS4,Buy Now,Strategy
256,Groundhog Day - Like Father Like Son (PS4),18.99,PS4,Buy Now,Adventure
257,Grid - Day One Edition (Xbox One),21.99,Xbox One,Buy Now,Driving
258,Grid - Day One Edition (PS4),21.99,PS4,Buy Now,Driving
259,Lego Marvel Super Heroes (PS4),19.99,PS4,Buy Now,"Action, Adventure"
260,LEGO Marvel Super Heroes 2 (PS4),20.99,PS4,Buy Now,"Action, Adventure"
261,Left Alive - Day One Edition (PS4),12.99,PS4,Buy Now,Action
262,Killing Floor: Double Feature (PS4),17.99,PS4,Buy Now,FPS
263,Neverwinter Nights - Enhanced Edition (PS4),20.99,PS4,Buy Now,RPG
264,Just Cause 3 - Gold Edition (PS4),16.99,PS4,Buy Now,Action
265,Just Cause 4 (PS4),14.99,PS4,Buy Now,Action
266,Is It Wrong to Pick Up Girls in a Dungeon (PS4),27.99,PS4,Buy Now,RPG
267,Into the Dead 2 (Nintendo Switch),23.99,Nintendo Switch,Buy Now,FPS
268,God Eater 3 (PS4),22.99,PS4,Buy Now,Action
269,Goat Simulator: The Bundle (PS4),18.99,PS4,Buy Now,Simulation
270,Ghostbusters: The Video Game - Remastered (Xbox One),27.99,Xbox One,Buy Now,Action
271,Ghostbusters: The Video Game - Remastered (PS4),23.99,PS4,Buy Now,Action
272,Galak-Z: The Void & Skulls of the Shogun: Bone-A-Fide Edition - Platinum Pack (Nintendo Switch),18.99,Nintendo Switch,Buy Now,RPG
273,Galak-Z: The Void & Skulls of the Shogun: Bone-A-Fide Edition - Platinum Pack (PS4),17.99,PS4,Buy Now,Action
274,Flashback 25th Anniversary (Nintendo Switch),19.99,Nintendo Switch,Buy Now,Platform
275,Fire Emblem Warriors (Nintendo Switch),47.99,Nintendo Switch,Buy Now,RPG
276,Far Cry 3 - Classic Edition (PS4),19.99,PS4,Buy Now,FPS
277,Extinction (PS4),11.99,PS4,Buy Now,RPG
278,The Elder Scrolls Online: Summerset (PS4),10.99,PS4,Buy Now,MMORPG
279,UFC (Xbox One),13.99,Xbox One,Buy Now,Sports
280,UFC 2 (Xbox One),15.99,Xbox One,Buy Now,Fighting
281,Dragon Quest Heroes 2: Explorers Edition  (PS4),19.99,PS4,Buy Now,RPG
282,Dragon Quest: Builders (PS4),18.99,PS4,Buy Now,RPG
283,Dragon Ball: Xenoverse (PS4),20.99,PS4,Buy Now,Fighting
284,Dragon Ball: Xenoverse 2 (PS4),18.99,PS4,Buy Now,RPG
285,Dragonball Xenoverse & Dragonball Xenoverse 2 Compilation (PS4),29.99,PS4,Buy Now,Fighting
286,Devil May Cry - Definitive Edition (PS4),20.99,PS4,Buy Now,"Action, Adventure"
287,Dissidia Final Fantasy NT - Steelbook (PS4),18.99,PS4,Buy Now,Fighting
288,Deus Ex: Mankind Divided - Day One Edition (Xbox One),9.99,Xbox One,Buy Now,Action
289,Dakar 18  - Day One Edition (Xbox One),23.99,Xbox One,Buy Now,Driving
290,Crash Team Racing: Nitro Fueled (Xbox One),29.99,Xbox One,Buy Now,Driving
291,Crash Dummy (Nintendo Switch),15.99,Nintendo Switch,Buy Now,RPG
292,Contra: Rogue Corps (Xbox One),14.99,Xbox One,Buy Now,Action
293,Constructor Plus (Nintendo Switch),30.99,Nintendo Switch,Buy Now,Strategy
294,Code Vein (Xbox One),18.99,Xbox One,Buy Now,"Action, Adventure"
295,Cities: Skylines - Parklife Edition (Xbox One),25.99,Xbox One,Buy Now,Strategy
296,Citadel: Forged With Fire (Xbox One),18.99,Xbox One,Buy Now,MMORPG
297,Bloodstained: Ritual of the Night (Xbox One),21.99,Xbox One,Buy Now,Platform
298,Battlefield 4 (Xbox One),16.99,Xbox One,Buy Now,FPS
299,Battlefield V (Xbox One),22.99,Xbox One,Buy Now,FPS
300,Battlefield Hardline (Xbox One),17.99,Xbox One,Buy Now,FPS
301,Call of Duty: Modern Warfare 3 (PS3),17.99,PS3,Buy Now,"Action, FPS"
302,Microsoft Office 365 Home 1 User/1 PC (PC),139.99,PC,Buy Now,nan
303,Player Unknown Battlegrounds (Xbox One),17.99,Xbox One,Buy Now,"Action, FPS, Third Person Shooter"
304,One Piece Pirate Warriors 4 (PS4),32.99,PlayStation 4,Buy Now,nan
305,Shadow of the Tomb Raider Definitive Edition (PS4),30.99,PS4,Buy Now,RPG
306,Maneater Day One Edition (PS4),42.99,PS4,Buy Now,"Action, Adventure"
307,Commandos 2 & Praetorians HD Remaster Double Pack (PS4),34.99,PS4,Buy Now,"Action, Strategy"
308,Uncharted: The Nathan Drake Collection - PlayStation Hits (PS4),13.99,PS4,Buy Now,"Action, Adventure"
309,Nintendo Selects Paper Mario Sticker Star (Nintendo 3DS),20.99,Nintendo 3DS,Buy Now,"Adventure, RPG, Fantasy"
310,Fruit Ninja Full Game Download (Xbox 360) - Kinect Required,4.99,Xbox 360,Buy Now,"Action,Kids,Family"
311,WRC 9 (PS4),49.99,PS4,Buy Now,Driving
312,SuperEpic: The Entertainment War (PS4),21.99,PS4,Buy Now,Fighting
313,Gigantosaurus: The Game (PS4),30.99,PS4,Buy Now,"Adventure,Kids,Family"
314,Wasteland 3 Day One Edition (PS4),42.99,PlayStation 4,Buy Now,"Action, Adventure"
315,Captain Tsubasa: Rise of New Champions (PS4),59.99,PS4,Buy Now,Sports
316,Tekken 7 (PS4),16.99,PS4,Buy Now,Fighting
317,No Straight Roads (PS4),29.99,PS4,Buy Now,Fantasy
318,The Sojourn (PS4),29.99,PS4,Buy Now,Adventure
319,Azure Striker Gunvolt: Striker Pack (PS4),33.99,PlayStation 4,Buy Now,"Action, Platform"
320,The Sims 3: Showtime - Limited Edition (PC),20.99,Windows XP,Buy Now,Simulation
321,Nat Geo Challenge (PC),4.99,PC,Buy Now,"Kids, Family"
322,Resident Evil 7: Gold Edition (PS4),18.99,PS4,Buy Now,"Action, Puzzle, Horror"
323,Red Dead Redemption - GOTY Edition - Essentials (PS3),18.99,PS3,Buy Now,"Action, Adventure, Third Person Shooter, Horror"
324,buzz thing1,0.1,PS4,Buy Now,"Adventure, Puzzle"
325,Will: A Wonderful World (PS4),21.99,PS4,Buy Now,"Adventure, Puzzle, Fantasy"
326,Children of Morta (PS4),25.99,PS4,Buy Now,"Action, Puzzle, RPG, Fantasy"
327,Dragon Ball Z: Kakarot (PS4),37.99,PS4,Buy Now,"Action, Fighting, RPG, Fantasy"
328,Elder Scrolls V: Skyrim Special Edition (PS4),19.99,PS4,Buy Now,"Action, RPG, Fantasy"
329,Jumanji: The Video Game (PS4),26.99,PS4,Buy Now,"Action, Adventure, Puzzle, RPG, Fantasy"
330,Assassin's Creed: Chronicles (PS4),15.99,PS4,Buy Now,"Action, Platform"
331,Metal Gear Solid V: Definitive Experience (PS4),11.99,PS4,Buy Now,"Action, Strategy, Third Person Shooter"
332,Shenmue III Day One Edition (PS4),15.99,PS4,Buy Now,"RPG, Simulation"
333,DayZ (PS4),30.99,PS4,Buy Now,"Adventure, Simulation, Third Person Shooter"
334,Call of Duty 3 - Platinum (PS3),17.99,PS3,Buy Now,"Action, FPS"
335,Call of Duty: Modern Warfare - Classics (Xbox 360),18.99,Xbox 360,Buy Now,FPS
336,Elder Scrolls Online Morrowind (PS4),11.99,PS4,Buy Now,"FPS, RPG, Fantasy"
337,Sniper Elite 3 Ultimate Edition (PS4),18.99,PS4,Buy Now,Action
338,Shadows Awakening (PS4),51.99,PS4,Buy Now,Action
339,Jurassic World Evolution (PS4),42.99,PS4,Buy Now,Strategy
340,Flipping Death (PS4),17.99,PS4,Buy Now,"Adventure, Platform"
341,Valhalla Hills Definitive Edition (PS4),22.99,PS4,Buy Now,"Strategy, Fantasy"
342,Top Trumps Turbo (PS Vita),8.99,PS Vita,Buy Now,"Kids, Family, Puzzle"
343,Valkyria Chronicles 4 Day One Edition (PS4),42.99,PS4,Buy Now,"RPG, Fantasy"
344,Marvel Vs Capcom Infinite (PS4),16.99,PS4,Buy Now,Action
345,Vampire The Masquerade Bloodlines 2 First Blood Edition  (PC),54.99,PC,Buy Now,RPG
346,MotoGP 19 (PC),41.99,Windows,Buy Now,Driving
347,Worlds of Magic Planar Conquest (PS4),36.99,PlayStation 4,Buy Now,"RPG, Strategy"
348,Axiom Verge: Multiverse Edition (PS4),29.99,PlayStation 4,Buy Now,"Action, Sci-Fi"
349,Robinson: The Journey VR (PS4/PSVR),18.99,Sony PlayStation 4,Buy Now,"Action, Puzzle, Sci-Fi"
350,Monster Hunter World (PS4),16.99,PlayStation 4,Buy Now,"Action, RPG"
351,Cars 3 Driven to Win (PS4),26.99,Sony PlayStation 4,Buy Now,"Driving, Family,Kids,Family"
352,Killzone: Shadow Fall - PlayStation Hits (PS4),15.99,PlayStation 4,Buy Now,"Action, FPS, Sci-Fi"
353,Kingdom Hearts HD 2.8 Final Chapter Prologue (PS4),20.99,Sony PlayStation 4,Buy Now,"Action, RPG"
354,Horizon Zero Dawn: Complete Edition (PS4),29.99,Sony PlayStation 4,Buy Now,RPG
355,Marvel Avengers (PS4),64.99,PS4,Buy Now,Fighting
356,Dragon Quest XI S: Echoes Of An Elusive Age - Definitive Edition (PS4),42.99,PS4,Buy Now,Adventure
357,Skater XL (PS4),42.99,PS4,Buy Now,Sports
358,Football Manager 2021(PC),49.99,PC,Buy Now,Sports
359,Imperator: Rome (PC),41.99,PC Games,Buy Now,Strategy
360,Speed 3 Grand Prix (Nintendo Switch),33.99,Nintendo Switch,Buy Now,Driving
361,Slide Stars (Nintendo Switch),28.99,Nintendo Switch,Buy Now,Adventure
362,Slide Stars (PS4),23.99,PS4,Buy Now,Adventure
363,My Riding Stables2:A New Adventure (PS4),30.99,PS4,Buy Now,Simulation
364,Port Royale 4 (PS4),59.99,PS4,Buy Now,Strategy
365,Black Desert (PS4),35.99,PS4,Buy Now,Adventure
366,Farming Simulator 19 Premium Edition (PS4),51.99,PS4,Buy Now,Simulation
367,Blair Witch (PS4),30.99,PS4,Buy Now,Action
368,DIRT 5 Standard Edition (PS5),61.99,PS5,Buy Now,Driving
369,Sniper Ghost Warrior Contracts (PS4),30.99,PS4,Buy Now,FPS
370,9 Monkeys of Shaolin (Xbox One),30.99,Xbox One,Buy Now,Fighting
371,Persona 5 Royal Standard Edition (PS4),55.99,PS4,Buy Now,Action
372,Bravely Default II (Nintendo Switch),49.99,Nintendo Switch,Preorder,RPG
373,Warhammer Chaosbane: Slayer Edition (Xbox Series X),41.99,Xbox Series X,Buy Now,Fighting
374,Unravel Yarny Bundle (Xbox One),24.99,Xbox One,Buy Now,Platform
375,The Raven Remastered (Xbox One),12.99,Xbox One,Buy Now,Action
376,Tennis World Tour Roland-Garros Edition for (Xbox One),21.99,Xbox One,Buy Now,Sports
377,Rugby Challenge 4 (Xbox One),54.99,Xbox One,Buy Now,Sports
378,NHL 21 (Xbox One),47.99,Xbox One,Buy Now,Sports
379,Call of Duty Black Ops 4 (Xbox One),24.99,Xbox One,Buy Now,FPS
380,Call of Duty Black Ops 4 - Specialist Edition (Xbox One),25.99,Xbox One,Buy Now,FPS
381,WWE Battlegrounds (PS4),30.99,PS4,Buy Now,Fighting
382,Trials of Mana for (PS4),29.99,PS4,Buy Now,Adventure
383,Shining Resonance Refrain (PS4),21.99,PS4,Buy Now,Fighting
384,Rugby Challenge 4 (PS4),54.99,PS4,Buy Now,Sports
385,Ride 4 (PS4),46.99,PS4,Buy Now,Driving
386,Puyo Puyo Tetris 2 - Launch Edition (PS4),32.99,PS4,Buy Now,"Kids, Family"
387,Puyo Puyo Tetris (PS4),17.99,PS4,Buy Now,"Kids, Family"
388,Outcast: Second Contact (PS4),16.99,PS4,Buy Now,Fighting
389,Monster Energy Supercross 3 (PS4),21.99,PS4,Buy Now,Driving
390,Mafia: Definitive Edition (PS4),29.99,PS4,Buy Now,Action
391,Mafia: Definitive Edition (PS4),29.99,PS4,Buy Now,Action
392,Jump Force (PS4),21.99,PS4,Buy Now,Fighting
393,Ice Age: Scrat's Nutty Adventure (PS4),22.99,PS4,Buy Now,Adventure
394,God of War III  Remastered Playstation Hits (PS4),18.99,PS4,Buy Now,Fighting
395,"Fruit Ninja (For Playstation VR, PS4)",17.99,PS4,Buy Now,Adventure
396,Burnout Paradise HD (PS4),19.99,PS4,Buy Now,Driving
397,Bloodborne (Playstation Hits) (PS4),17.99,PS4,Buy Now,Action
398,Batman: Arkham Collection (PS4),29.99,PS4,Buy Now,Fighting
399,L.O.L. Surprise! Remix: We Rule The World (Nintendo Switch),39.99,Nintendo Switch,Buy Now,Dance
400,Mafia Trilogy (PS4),46.99,PS4,Buy Now,Fighting
401,Cyberpunk 2077 (Xbox One),47.99,Xbox One,Buy Now,FPS
402,Marvel's Avengers (PC),28.99,PC,Buy Now,Action
403,Star Wars: Squadrons (PS4),23.99,PS4,Buy Now,Sci-Fi
404,Get Even (PS4),9.99,PS4,Buy Now,Action
405,Project Cars 3 (PS4),26.99,PS4,Buy Now,Driving
406,Fallout 76 (PS4),10.99,PS4,Buy Now,FPS
407,Forza Motorsport 7 (Xbox One),25.99,Xbox One,Buy Now,Driving
408,Assassin's Creed: Syndicate (Xbox One),14.99,Xbox One,Buy Now,Action
409,Sniper Elite 4 (Nintendo Switch),37.99,Nintendo Switch,Buy Now,Third Person Shooter
410,Steamworld Dig 2 (PS4),30.99,PS4,Buy Now,Adventure
411,Fantasy Friends (PS4),26.99,PS4,Buy Now,Adventure
412,Eldrador Creatures (PS4),26.99,PS4,Buy Now,Adventure
413,Fantasy Friends (Nintendo Switch),30.99,Nintendo Switch,Buy Now,Adventure
414,Race With Ryan (PS4),30.99,PS4,Buy Now,Driving
415,Santas Xmas Adventure (Nintendo Switch),17.99,Nintendo Switch,Buy Now,Adventure
416,Wolfenstein Alt History Collection (Xbox One),29.99,Xbox One,Buy Now,Shooting
417,Train Sim World 2: Collectors Edition (Xbox One),44.99,Xbox One,Buy Now,Simulation
418,Train Sim World 2: Collectors Edition (PS4),44.99,PS4,Buy Now,Simulation
419,Theme Park Simulator (PS4),25.99,PS4,Buy Now,Simulation
420,Peaky Blinders: Mastermind (PS4),29.99,PS4,Buy Now,Puzzle
421,John Wick Hex (PS4),25.99,PS4,Buy Now,Shooting
422,World Of Solitaire (Nintendo Switch),15.99,Nintendo Switch,Buy Now,Puzzle
423,Burnout Legends Essentials (PSP),11.99,PSP,Buy Now,Driving
424,Monkey King: Hero Is Back (PC),13.99,PC,Buy Now,Fighting
425,Mario & Luigi: Paper Jam (Nintendo 3DS),23.99,Nintendo 3DS,Buy Now,Adventure
426,Cartoon Network Battle Crashers (Nintendo Switch),22.99,Nintendo Switch,Buy Now,Adventure
427,Just Dance 2018 (Xbox One),22.99,Xbox One,Buy Now,Dance
428,DOOM (Xbox One),16.99,Xbox One,Buy Now,Shooting
429,Batman: A Telltale Game Series (Xbox 360),14.99,Xbox 360,Buy Now,Adventure
430,Truck Driver (Nintendo Switch),43.99,Nintendo Switch,Buy Now,Driving
431,Morbid (Nintendo Switch),31.99,Nintendo Switch,Buy Now,Adventure
432,Digimon Story Cyber Sleuth - Complete Edition (Nintendo Switch),42.99,Nintendo Switch,Buy Now,RPG
433,1-2 Switch (Nintendo Switch),44.99,Nintendo Switch,Buy Now,"Kids, Family"
434,YouTubers Life OMG! (Xbox One),18.99,Xbox One,Buy Now,Dance
435,Tom Clancy's Ghost Recon Wildlands (Xbox One),20.99,Xbox One,Buy Now,Third Person Shooter
436,Cloudpunk (Nintendo Switch),22.99,Nintendo Switch,Buy Now,Driving
437,Professor Rubik's Brain Fitness (Xbox One),27.99,Xbox One,Buy Now,"Kids, Family"
438,de Blob (Nintendo Switch),15.99,Nintendo Switch,Buy Now,Adventure
439,Dark Souls Trilogy (Xbox One),37.99,Xbox One,Buy Now,Fighting
440,Diablo 3: Eternal Collection (Xbox One),25.99,Xbox One,Buy Now,Fighting
441,The Dark Pictures: Little Hope (Xbox One),21.99,Xbox One,Buy Now,Horror
442,Injustice: Gods Among Us (Wii U),18.99,Wii U,Buy Now,Fighting
443,The Legend of Zelda: Breath of the Wild (Wii U),72.99,Wii U,Buy Now,"Action, Adventure"
444,Lego Harry Potter Years 5 - 7 (PSP),18.99,PSP,Buy Now,"Action, Adventure"
445,Sonic Generations - Essentials (PS3),17.99,PS3,Buy Now,Action
446,Dr Kawashima’s Devilish Brain Training: Can you stay focused? (Nintendo 3DS),16.99,Nintendo 3DS,Buy Now,Puzzle
447,Yo-Kai Watch 2: Bony Spirits (Nintendo 3DS),21.99,Nintendo 3DS,Buy Now,RPG
448,Luigi's Mansion (Nintendo 3DS),40.99,Nintendo 3DS,Buy Now,"Action, Adventure"
449,Detective Pikachu (Nintendo 3DS),42.99,Nintendo 3DS,Buy Now,"Action, Adventure"
450,Lego Batman 3: Beyond Gotham (Nintendo 3DS),19.99,Nintendo 3DS,Buy Now,"Action, Adventure"
451,Mario Party: Star Rush (Nintendo 3DS),21.99,Nintendo 3DS,Buy Now,Party
452,Legend of Zelda: Ocarina of Time 3D - Nintendo Selects (Nintendo 3DS),22.99,Nintendo 3DS,Buy Now,"Action, Adventure"
453,Hyrule Warriors Legends (Nintendo 3DS),24.99,Nintendo 3DS,Buy Now,Action
454,Pokemon Omega Ruby (Nintendo 3DS),44.99,Nintendo 3DS,Buy Now,RPG
455,Ancestors Legacy (Nintendo Switch),36.99,Nintendo Switch,Buy Now,Strategy
456,Cloudpunk (PC),21.99,Windows,Buy Now,Action
457,Pikmin 3 Deluxe (Nintendo Switch),53.99,Nintendo Switch,Buy Now,Action
458,Pro Evolution Sports eFootball 2021 SEASON UPDATE (Xbox One),28.99,Xbox One,Buy Now,Sports
459,Moving Out (Xbox One),21.99,Xbox One,Buy Now,rcade
460,One Punch Man (Xbox One),44.99,Xbox One,Buy Now,Fighting
461,Destroy All Humans! (Xbox One),38.99,Xbox One,Buy Now,Action
462,One Piece Pirate Warriors 4 (Xbox One),50.99,Xbox One,Buy Now,Action
463,Dead By Daylight - Nightmare Edition (Xbox One),31.99,Xbox One,Buy Now,Action
464,Nintendoland Selects (WiiU),18.99,Wii U,Buy Now,"Kids, Family"
465,NBA 2K18 (Xbox One),8.99,Xbox One,Buy Now,baseball
466,Fire Emblem Warriors (Nintendo 3DS),15.99,Nintendo 3DS,Buy Now,Adventure
467,Donkey Kong Tropical Freeze - Nintendo (Nintendo Switch),56.99,Nintendo Switch,Buy Now,Adventure
468,The Survivalists (Nintendo Switch),28.99,Nintendo Switch,Buy Now,"Action, Adventure"
469,Power Rangers: Battle for the Grid - Collector's Edition (Nintendo Switch),27.99,Nintendo Switch,Buy Now,"Action, Adventure"
470,Watch Dogs 2 (Xbox One),18.99,Xbox One,Buy Now,"Action, Adventure"
471,Sword Art Online: Alicization (Xbox One),54.99,Xbox One,Buy Now,RPG
472,Ben 10 Power Trip (Xbox One/Xbox Series X),37.99,"Xbox One, Xbox Series X",Buy Now,Action
473,Tony Hawk's Pro Skater 1+2 (Xbox One),36.99,Xbox One,Buy Now,Sports
474,Spongebob SquarePants: Battle for Bikini Bottom - Rehydrated (Xbox One),23.99,Xbox One,Buy Now,"Kids, Family, Platform"
475,Tony Hawk's Pro Skater 1+2 (PS4),36.99,PS4,Buy Now,Sports
476,Wolfenstein: The New Order - Occupied Edition (Xbox One),14.99,Xbox One,Buy Now,FPS
477,Valhalla Hills - Definitive Edition (Xbox One),11.99,Xbox One,Buy Now,Strategy
478,Trials Rising - Gold Edition (Nintendo Switch),16.99,Nintendo Switch,Buy Now,Driving
479,Titanfall (Xbox One),9.99,Xbox One,Buy Now,RPG
480,The Walking Dead - Telltale Series: The New Frontier (Xbox One),16.99,Xbox One,Buy Now,"Action, Adventure"
481,Stellaris Console Edition (PS4),27.99,PS4,Buy Now,Strategy
482,Spyro: Reignited Trilogy (Xbox One),31.99,Xbox One,Buy Now,Platform
483,SNK: Heroines Tag Team Frenzy (Nintendo Switch),25.99,Nintendo Switch,Buy Now,Fighting
484,Slay the Spire (PS4),20.99,PS4,Buy Now,Strategy
485,Shovel Knight: Treasure Trove (Xbox One),32.99,Xbox One,Buy Now,Platform
486,SEGA Mega Drive: Ultimate Collection (Xbox 360),17.99,Xbox 360,Buy Now,Action
487,Rugby 20 (PS4),39.99,PS4,Buy Now,"Action, Adventure"
488,Risk of Rain 2 Bundle (Includes Risk of Rain) (Xbox One),21.99,Xbox One,Buy Now,Action
489,Ridge Racer Unbounded (Xbox 360),15.99,Xbox 360,Buy Now,Driving
490,Redout Lightspeed Edition (PS4),10.99,PS4,Buy Now,Platform
491,ReCore (Xbox One),15.99,Xbox One,Buy Now,Action
492,Planescape: Torment & Icewind Dale - Enhanced Edition (PS4),19.99,PS4,Buy Now,RPG
493,Operation Warcade (PS4),15.99,PS4,Buy Now,FPS
494,Offroad Racing (PS4),22.99,PS4,Buy Now,Driving
495,Nobunaga's Ambition: Taishi (PS4),13.99,PS4,Buy Now,Strategy
496,NBA 2K19 (Nintendo Switch),12.99,Nintendo Switch,Buy Now,Sports
497,Metro: Exodus - Day One Edition (Xbox One),17.99,Xbox One,Buy Now,FPS
498,Metal Gear Solid V: The Phantom Pain - Day One Edition (Xbox One),15.99,Xbox One,Buy Now,Horror
499,Mafia 3 (Xbox One),11.99,Xbox One,Buy Now,Sports
500,Little Dragons Cafe (PS4),17.99,PS4,Buy Now,"Kids, Family"
501,Life is Strange: Before The Storm - Limited Edition (Xbox One),17.99,Xbox One,Buy Now,Action
502,LEGO: The Incredibles (Xbox One),20.99,Xbox One,Buy Now,"Action, Adventure"
503,Indivisible (PS4),18.99,PS4,Buy Now,Action
504,Heroland - Knowble Edition (Nintendo Switch),18.99,Nintendo Switch,Buy Now,RPG
505,Harvest Moon - Light of Hope Complete Special Edition (PS4),21.99,PS4,Buy Now,Strategy
506,Guilty Gear XRD - Revelator (PS4),15.99,PS4,Buy Now,Fighting
507,Killer Queen Black (Nintendo Switch),22.99,Nintendo Switch,Buy Now,Platform
508,Just Dance 2018 (PS4),23.99,PS4,Buy Now,Music
509,Gears of War - Ultimate Edition (Xbox One),14.99,Xbox One,Buy Now,Action
510,UFC 2 (PS4),16.99,PS4,Buy Now,Sports
511,Crackdown 3 (Xbox One),14.99,Xbox One,Buy Now,Action
512,Close to the Sun (Code in a Box) (Nintendo Switch),14.99,Nintendo Switch,Buy Now,Puzzle
513,Cars 3: Driven to Win (Xbox One),22.99,Xbox One,Buy Now,Strategy
514,Big Pharma - Special Edition (Nintendo Switch),24.99,Nintendo Switch,Buy Now,Strategy
515,Bayonetta 2 (Nintendo Switch),62.99,Nintendo Switch,Buy Now,"Action, Adventure"
516,Assetto Corsa: Competizione (Xbox One),38.99,Xbox One,Buy Now,Driving
517,Assassin's Creed: Unity (Xbox One),18.99,Xbox One,Buy Now,Action
518,Assassin's Creed: Revelations (Xbox 360),14.99,Xbox 360,Buy Now,"Action, Adventure"
519,Assassin's Creed IV Black Flag (PS4),19.99,PS4,Buy Now,Action
520,Assassin's Creed: Origins (PS4),19.99,PS4,Buy Now,Action
521,Ary and the Secret of Seasons (PS4),29.99,PS4,Buy Now,"Action, Adventure"
522,Ary and the Secret of Seasons (Nintendo Switch),30.99,Nintendo Switch,Buy Now,"Action, Adventure"
523,Armagallant: Decks of Destiny (PS4),12.99,PS4,Buy Now,Strategy
524,ARK: Survival Evolved (PS4),26.99,PS4,Buy Now,"Action, Adventure"
525,Apex Legends - Lifeline Edition (PS4),16.99,PS4,Buy Now,FPS
526,Anthem (PS4),11.99,PS4,Buy Now,"Action, Adventure"
527,Age of Wonders: Planetfall - Day One Edition (PS4),18.99,PS4,Buy Now,Strategy
528,Age of Wonders: Planetfall - Day One Edition (Xbox One),18.99,Xbox One,Buy Now,Strategy
529,AeternoBlade II (PS4),16.99,PS4,Buy Now,Action
530,Luigi's Mansion 2 (Nintendo 3DS),19.99,Nintendo 3DS,Buy Now,"Adventure,Kids,Family, Horror"
531,Warborn (PS4),29.99,PlayStation 4,Buy Now,"Action, RPG, Sci-Fi, Strategy, Fantasy"
532,Bubble Bobble 4 Friends The Baron Is Back! (Nintendo Switch),34.99,Nintendo Switch,Buy Now,"Kids, Family, Platform"
533,GRIP: Combat Racing - Rollers Vs Airblades Ultimate Edition (PS4),17.99,PS4,Buy Now,Driving
534,Call of Duty: Advanced Warfare (PS3),17.99,PS3,Buy Now,"Action, FPS, Sci-Fi"
535,Maid of Sker (Xbox One),26.99,Xbox One,Buy Now,"Action, Adventure, Horror"
536,Down The Rabbit Hole (PS4),22.99,PS4,Buy Now,"Adventure, Puzzle"
537,Holy Potatoes Compendium Badge Edition (Nintendo Switch),46.99,Nintendo Switch,Buy Now,Simulation
538,Bounty Battle: The Ultimate Indie Brawler (Xbox One),25.99,Xbox One,Buy Now,Action
539,Jump Force: Deluxe Edition (Nintendo Switch),45.99,Nintendo Switch,Buy Now,"Action, Fighting"
540,Microsoft Office 365 Personal One user /One Year Subscription (PC),71.99,PC,Buy Now,nan
541,Port Royale 4 (Xbox One),54.99,Xbox One,Buy Now,Strategy
542,Mafia Trilogy (Xbox One),52.99,Microsoft Xbox One,Buy Now,"Action, Adventure, Third Person Shooter"
543,Bladed Fury (PS4),34.99,PS4,Buy Now,Action
544,Kingdom Majestic (Xbox One),39.99,Xbox One,Buy Now,"Action, Platform"
545,Destroy All Humans! (PS4),28.99,Sony PlayStation 4,Buy Now,"Action, Sci-Fi"
546,Kingdom Majestic (PS4),39.99,PlayStation 4,Buy Now,"Action, Platform"
547,Warhammer 40000 Mechanicus (Xbox One),30.99,Xbox One,Buy Now,Action
548,Railway Empire Complete Collection (Xbox One),30.99,Xbox One,Buy Now,"Simulation, Strategy"
549,Two Point Hospital (PS4),34.99,PS4,Buy Now,Strategy
550,Catherine Full Body (PS4),55.99,PS4,Buy Now,"Action, Adventure"
551,Trials of Mana (PS4),35.99,PS4,Buy Now,"Action, Adventure"
552,Total War: Warhammer Savage Edition (PC),34.99,PC,Buy Now,Action
553,Railway Empire (Nintendo Switch),33.99,Nintendo Switch,Buy Now,"Simulation, Strategy"
554,Saints Row IV Re-Elected (Nintendo Switch),33.99,Nintendo Switch,Buy Now,Action
555,Commandos 2 & Praetorians HD Remaster Double Pack (Xbox One),34.99,Xbox One,Buy Now,"Action, Strategy"
556,Forza Horizon 3 (Xbox One),19.99,Xbox One,Buy Now,Driving
557,Middle Earth: Shadow Of War Silver Edition (PS4),19.99,Windows 98,Buy Now,"Adventure, RPG, Fantasy"
558,Professional Farmer 2017 Gold Edition (PS4),13.99,PlayStation 4,Buy Now,Simulation
559,Xenoblade Chronicles - Definitive Edition (Nintendo Switch),48.99,Nintendo Switch,Buy Now,"Adventure, RPG, Fantasy"
560,Paper Mario: The Origami King (Nintendo Switch),44.99,Nintendo Switch,Buy Now,"Kids, Family, RPG, Fantasy"
561,LEGO City Undercover (Xbox One),18.99,"Microsoft Xbox One, Microsoft Xbox",Buy Now,"Action,Kids,Family, Fantasy"
562,LEGO Ninjago Movie Game (Xbox One),18.99,Xbox One,Buy Now,"Action,Kids,Family, Fantasy"
563,LEGO Marvel Superheroes 2 (Xbox One),18.99,Microsoft Xbox One,Buy Now,"Action,Kids,Family, Fantasy"
564,DC Special Edition Pack (PS4),30.99,PlayStation 4,Buy Now,"Action, Fantasy"
565,Resident Evil 6 - Remastered (PS4),14.99,PlayStation 4,Buy Now,"Third Person Shooter, Horror"
566,Watch Dogs 2 (PS4),16.99,Sony PlayStation 4,Buy Now,"Action, Sci-Fi, Third Person Shooter"
567,Tom Clancy's Rainbow Six: Siege (PS4),14.99,PlayStation 4,Buy Now,"Action, FPS, Strategy"
568,Call of Duty: World at War (PS3),18.99,PlayStation 3,Buy Now,"Action, FPS"
569,Trailblazers (Nintendo Switch),13.99,Nintendo Switch,Buy Now,"Driving, Sci-Fi"
570,The Gunstringer Full Game Download (Fruit Ninja NOT INCLUDED) (Xbox 360) - Kinect Required,5.99,Xbox 360,Buy Now,Action
571,Batman: Arkham City - Full Game Download (Xbox 360),10.99,Xbox 360,Buy Now,"Action, RPG"
572,Just Dance 2020 (PS4),25.99,PS4,Buy Now,Dance
573,NBA 2K21 (Nintendo Switch),51.99,Nintendo Switch,Buy Now,Sports
574,Zombie Army Trilogy (Nintendo Switch),37.99,Nintendo Switch,Buy Now,"Action, Third Person Shooter, Horror"
575,SuperEpic: The Entertainment War (Nintendo Switch),21.99,Nintendo Switch,Buy Now,"Fighting, Platform, Fantasy"
576,Dungeon of the Endless (Nintendo Switch),30.99,Nintendo Switch,Buy Now,"Action, RPG"
577,Journey to the Savage Planet (Nintendo Switch),27.99,Nintendo Switch,Buy Now,"Action, Adventure, Sci-Fi"
578,Secrets of Magic: The Book of Spells + Secrets of Magic 2: Witches and Wizards (Nintendo Switch),26.99,Nintendo Switch,Buy Now,"Kids, Family, Puzzle, Fantasy"
579,Bibi & Tina at the Horse Farm (Nintendo Switch),26.99,Nintendo Switch,Buy Now,"Adventure,Kids,Family"
580,Untitled Goose Game (Nintendo Switch),23.65,Nintendo Switch,Buy Now,Puzzle
581,Untitled Goose Game (PS4),18.85,Sony PlayStation 4,Buy Now,Puzzle
582,Dirt 5 (PS4),54.99,PS4,Buy Now,Driving
583,Ministry Of Broadcast (Nintendo Switch),35.99,Nintendo Switch,Buy Now,Platform
584,Iris Fall (Nintendo Switch),34.99,Nintendo Switch,Buy Now,"Adventure, Puzzle"
585,Iris Fall (PS4),34.99,PS4,Buy Now,"Adventure, Puzzle"
586,Captain Tsubasa: Rise of New Champions  Deluxe Edition (Nintendo Switch),79.99,Nintendo Switch,Buy Now,Sports
587,Borderlands: Legendary Collection (Nintendo Switch),30.99,Nintendo Switch,Buy Now,"FPS, RPG, Sci-Fi"
588,Bioshock: The Collection (Nintendo Switch),30.99,Nintendo Switch,Buy Now,"FPS, Sci-Fi, Fantasy"
589,Burnout Paradise Remastered (Nintendo Switch),49.99,Nintendo Switch,Buy Now,Driving
590,Namco Museum Archives Volume 2 (Code in Box) (Nintendo Switch),18.99,Nintendo Switch,Buy Now,nan
591,Namco Museum Archives Volume 1 (Code in Box) (Nintendo Switch),18.99,Nintendo Switch,Buy Now,nan
592,Fairy Tail (Nintendo Switch),49.99,Nintendo Switch,Buy Now,"RPG, Fantasy"
593,The Wonderful 101 Remastered (Nintendo Switch),28.99,Nintendo Switch,Buy Now,Action
594,Ys: Memories of Celceta (PS4),24.99,PS4,Buy Now,RPG
595,Indivisible (Nintendo Switch),29.99,Nintendo Switch,Buy Now,Action
596,Super Paper Mario - Nintendo Selects (Wii),22.99,Nintendo Wii,Buy Now,"Action, Platform, Puzzle, RPG"
597,Romance of the Three Kingdoms XIV (PS4),37.99,Sony PlayStation 4,Buy Now,Strategy
598,Pillars of Eternity II: Deadfire (PS4),26.99,Sony PlayStation 4,Buy Now,"RPG, Fantasy"
599,Resident Evil 7: Biohazard - VR Compatible - Playstation Hits (PS4),14.99,PlayStation 4,Buy Now,"Action, Puzzle, Horror"
600,The Sims 4 (PS4),21.99,Sony PlayStation 4,Buy Now,Simulation
601,Monkey King: Hero Is Back (PS4),36.99,PlayStation 4,Buy Now,"Action, RPG, Fantasy"
602,FIFA 19 (PS4),27.99,PlayStation 4,Buy Now,Sports
603,Detroit: Become Human (PS4),20.99,Sony PlayStation 4,Buy Now,Adventure
604,Bravo Team (PS4),20.99,PlayStation 4,Buy Now,"Action, FPS"
605,Uncharted: The Lost Legacy PlayStation Hits (PS4),16.99,PlayStation 4,Buy Now,"Action, Adventure, Fantasy"
606,Uncharted: Nathan Drake Collection - PlayStation Hits (PS4),16.99,Sony PlayStation 4,Buy Now,"Action, Adventure, Fantasy"
607,Nioh PlayStation Hits (PS4),14.99,PlayStation 4,Buy Now,"Action, RPG, Fantasy"
608,The Last of Us: Remastered Playstation Hits (PS4),17.99,Sony PlayStation 4,Buy Now,"Third Person Shooter, Fantasy, Horror"
609,Infamous: Second Son PlayStation Hits (PS4),14.99,PlayStation 4,Buy Now,"Action, RPG, Fantasy"
610,God of War 3 Remastered - PlayStation Hits (PS4),14.99,Sony PlayStation 4,Buy Now,"Action, Fighting, Fantasy"
611,Devil May Cry 5 (PS4),19.99,Sony PlayStation 4,Buy Now,Action
612,Two Point Hospital (PS4),22.99,PS4,Buy Now,"Simulation, Strategy"
613,Resident Evil 3 (PS4),27.99,PS4,Buy Now,"Action, Third Person Shooter, Horror"
614,LEGO Ninjago Movie Game (PS4),21.99,PS4,Buy Now,Action
615,Narcos: Rise of The Cartels (PS4),33.99,PlayStation 4,Buy Now,Strategy
616,Dragon Quest XI Echoes of an Elusive Age (PS4),26.99,PS4,Buy Now,"Adventure, RPG, Fantasy"
617,Dreams (PS4),22.99,Sony PlayStation 4,Buy Now,"Family,Kids,Family"
618,Skyrim VR (PS4/PSVR),19.99,PS4,Buy Now,"Action, Adventure, Fantasy"
619,Call of Duty: Black Ops 4 (PS4),15.99,PS4,Buy Now,"Action, FPS"
620,Apex Legends Lifeline Edition (PS4),21.99,PlayStation 4,Buy Now,Action
621,Call of Duty: Modern Warfare 2 (PS3),17.99,PS3,Buy Now,FPS
622,Grand Theft Auto 5 - Premium Online Edition (PS4),19.99,PS4,Buy Now,Action
623,LEGO Marvel: Super Heroes (PS4),15.99,PS4,Buy Now,"Kids, Family"
624,Sniper Elite 4 (PS4),21.99,PS4,Buy Now,Strategy
625,Wolfenstein Youngblood Deluxe (PS4),19.99,PS4,Buy Now,"Action, FPS"
626,Rage 2 (PS4),19.99,PS4,Buy Now,"Action, FPS"
627,The Witcher 3 & Dark Souls 3 Double Pack (PS4),33.99,PS4,Buy Now,"Adventure, RPG, Fantasy"
628,Riot Civil Unrest (PS4),14.99,PS4,Buy Now,"Action, Simulation"
629,Dead Cells Action GOTY (PS4),25.99,PS4,Buy Now,"Action, Platform"
630,Aragmai (PC),10.99,PC,Buy Now,"Action, Adventure"
631,Port Royale 3 Gold Edition (PC),6.99,PC,Buy Now,"Simulation, Strategy"
632,Brawlout (Nintendo Switch),30.99,Nintendo Switch,Buy Now,"Fighting, Platform"
633,Grand Theft Auto V (PS3),24.99,Sony PlayStation 3,Buy Now,"Action, Adventure"
634,FIFA 15 (PS Vita),22.99,PlayStation Vita,Buy Now,Sports
635,Wolfenstein Youngblood Deluxe Edition (Nintendo Switch),34.99,Nintendo Switch,Buy Now,"Action, FPS"
636,The Golf Club 2019 (Xbox One),21.99,Microsoft Xbox One,Buy Now,Sports
637,Grand Theft Auto V (Xbox 360),23.99,Microsoft Xbox 360,Buy Now,"Action, Driving"
638,Deaths Gambit (PS4),22.99,Windows,Buy Now,"Action, Platform, RPG"
639,Override: Mech City Brawl - Super Charged Mega Edition (Xbox One),32.99,Xbox One,Buy Now,"Action, Fighting, Sci-Fi"
640,Asterix and Obelix XXL2 Limited Edition (Xbox One),49.99,Xbox One,Buy Now,"Action, Fighting, Platform"
641,Syberia 3 (Nintendo Switch),35.99,Nintendo Switch,Buy Now,"Adventure, Puzzle"
642,Resident Evil 5 HD (Xbox One),16.99,Xbox One,Buy Now,Action
643,Resident Evil 4 HD (Xbox One),16.99,Microsoft Xbox One,Buy Now,"Action, Horror"
644,Okami (Xbox One),16.99,Xbox One,Buy Now,"Action, Puzzle"
645,Rocksmith - 2014 Edition with Real Tone Cable (PS4),43.99,Sony PlayStation 4,Buy Now,Simulation
646,Super Smash Bros. (Wii U),46.99,Nintendo Wii U,Buy Now,"Action, Fighting"
647,Fire Emblem Fates: Birthright (Nintendo 3DS),34.99,Nintendo 3DS,Buy Now,"RPG, Strategy"
648,LEGO Batman 2: DC Super Heroes (Wii U),18.99,Nintendo Wii U,Buy Now,"Action, Platform, Puzzle"
649,Batman Arkham Asylum Game of the Year - Essentials (PS3),16.99,PS3,Buy Now,Action
650,Batman: The Telltale Series (PS3),15.99,PlayStation 3,Buy Now,Adventure
651,Everybody's Golf (PS4),19.99,PS4,Buy Now,Sports
652,Pro Evolution Soccer 2018 (Xbox One),13.99,Xbox One,Buy Now,Sports
653,Metal Gear Survive (PS4),11.99,PlayStation 4,Buy Now,"Action, FPS"
654,Injustice 2 - Legendary Edition (PS4),18.99,Sony PlayStation 4,Buy Now,"Action, Fighting"
655,Project Cars 2 (PS4),21.99,"Microsoft Xbox One, Sony PlayStation 4, Microsoft Xbox, Sony PlayStation 2",Buy Now,Driving
656,The Last Guardian (PS4),20.99,Sony PlayStation 4,Buy Now,"Action, Platform, Puzzle"
657,Need For Speed Payback (PS4),27.99,Sony PlayStation 4,Buy Now,Driving
658,Nioh (PS4),16.25,Sony PlayStation 4,Buy Now,"Action, RPG"
659,Destiny 2 (Xbox One),4.99,Xbox One,Buy Now,"Action, FPS, Sci-Fi"
660,Turrican Flashback (PS4),24.99,PS4,Preorder,Platform
661,"Marvel vs Capcom Infinite, Street Fighter V Arcade Edition and Mortal Kombat 11 (PS4)",54.99,PS4,Buy Now,nan
662,Kingdom Hearts: Melody Of Memory (Nintendo Switch),60.99,Nintendo Switch,Buy Now,Adventure
663,Marvel Avengers (Xbox One),64.99,Xbox One,Buy Now,Fighting
664,Skater XL (Xbox One),42.99,Xbox One,Buy Now,Sports
665,Sonic Forces (Xbox One),26.99,Xbox One,Buy Now,Platformer
666,Ghost of a Tale (PS4),23.99,PS4,Buy Now,Adventure
667,MotoGP 20 (Xbox One),30.99,Xbox One,Buy Now,Driving
668,Super Retro-Cade,73.99,,Buy Now,Puzzle
669,Maneater Day One Edition (Xbox One),42.99,Xbox One,Buy Now,Horror
670,Harvest Moon: One World (Nintendo Switch),39.99,Nintendo Switch,Preorder,Simulation
671,Just Dance 2021 (Xbox One),47.99,Xbox One,Buy Now,Dance
672,Immortals: Fenyx Rising (Xbox One/Xbox Series X),45.99,"Xbox One, Xbox Series X",Buy Now,Fighting
673,Batman: The Telltale Series (Xbox One),16.99,Xbox One,Buy Now,Fighting
674,South Park The Stick Of Truth Classics Plus (Xbox 360),18.99,Xbox 360,Buy Now,Action
675,Call of Duty: Modern Warfare 3 (Xbox 360),27.99,Xbox 360,Buy Now,FPS
676,Tropico 6 (Nintendo Switch),42.99,Nintendo Switch,Buy Now,Strategy
677,Meglaze Nintendo Switch MINI Pro Controller (Nintendo Switch),29.99,Nintendo Switch,Buy Now,nan
678,Just Dance 2017 (Nintendo Switch),45.99,Nintendo Switch,Buy Now,Dance
679,Resident Evil 6 HD (PS4),18.99,PS4,Buy Now,Fighting
680,Horizon: Zero Dawn - Complete Edition (PS4),17.99,PS4,Buy Now,Fighting
681,FIRE Pro Wrestling World (PS4),33.99,PS4,Buy Now,Fighting
682,The LEGO Movie 2: Videogame & The Lego Movie 2 (PS4),17.99,PS4,Buy Now,"Kids, Family"
683,Devil May Cry 5 - Special Edition (Xbox Series X),31.99,Xbox Series X,Buy Now,Action
684,Minecraft Dungeons - Hero Edition (Xbox One/Xbox Series X),28.99,Microsoft Xbox One,Buy Now,RPG
685,Space Invaders Forever (Nintendo Switch),25.99,Nintendo Switch,Buy Now,Platform
686,FIFA 21 NXT LVL Edition (Xbox Series X),76.99,Xbox Series X,Buy Now,Sports
687,Pokken Tournament (Nintendo Wii U),32.99,Wii U,Buy Now,Fighting
688,One Piece: Burning Blood (Vita),19.99,Vita,Buy Now,Action
689,Lego Ninjago Nindroids (Vita),15.99,Vita,Buy Now,Adventure
690,Port Royale 3 Gold (PS3),12.99,PS3,Buy Now,Strategy
691,Lego Movie: The Videogame Essentials (PS3),27.99,PS3,Buy Now,Adventure
692,Grand Theft Auto: San Andreas (PS3),20.99,PS3,Buy Now,Adventure
693,Hunted: The Demon's Forge (PC),6.99,PC,Buy Now,Action
694,Bus Mechanic Simulator Pc (PC),21.99,PC,Buy Now,Simulation
695,Yo-Kai Watch - Medal Special Edition (Nintendo 3DS),22.99,Nintendo 3DS,Buy Now,RPG
696,Hori Pikachu Plush Pouch - Case For (Nintendo 3DS),14.99,Nintendo 3DS,Buy Now,Adventure
697,Hello Kitty And The Apron Of Magic Rhythm Cooking (Nintendo 3DS),12.99,Nintendo 3DS,Buy Now,"Kids, Family"
698,Nintendo Selects - Animal Crossing New Leaf: Welcome Amiibo (Nintendo 3DS),22.99,Nintendo 3DS,Buy Now,"Kids, Family"
699,Pokemon Sun (Nintendo 3DS),20.99,Nintendo 3DS,Buy Now,"Adventure, RPG"
700,Star Wars Jedi: Fallen Order (Xbox One),37.99,Xbox One,Buy Now,Fighting
701,Overcooked & Overcooked 2 (Double Pack) (Xbox One),25.99,Xbox One,Buy Now,Action
702,Nights of Azure 2: Bride of the New Moon (Nintendo Switch),30.99,Nintendo Switch,Buy Now,Adventure
703,Pokemon Shield + Expansion Pass (Nintendo Switch),84.99,Nintendo Switch,Buy Now,nan
704,The Outer Worlds (Nintendo Switch),36.99,Nintendo Switch,Buy Now,Sci-Fi
705,Yakuza: Like A Dragon - Day Ichi Edition (Xbox One),46.99,Xbox One,Buy Now,Fighting
706,Rocksmith 2014 Edition with Real Tone Cable (Xbox One),43.99,Xbox One,Buy Now,Music
707,Madden NFL 21 (Xbox One/Xbox Series X),40.99,"Xbox One, Xbox Series X",Buy Now,Sports
708,Microsoft Flight Simulator 2020 (PC),70.99,PC,Buy Now,Simulation
709,Rocksmith 2014 Edition - Includes Cable (PC),42.99,PC,Buy Now,Music
710,Story of Seasons: Trio of Towns (Nintendo 3DS),21.99,Nintendo 3DS,Buy Now,RPG
711,New Super Mario Bros. 2 (Nintendo 3DS),42.99,Nintendo 3DS,Buy Now,Action
712,Mortal Shell (Xbox One/Xbox Series X),29.99,Xbox One,Buy Now,Role-Playing
713,The Sims 4 Snowy Escape Expansion Pack (PC),37.99,PC,Buy Now,Simulation
714,Friday The 13th Ultimate Slasher Edition (Nintendo Switch),23.99,Nintendo Switch,Buy Now,"Action, Strategy, Horror"
715,Bakugan Champions Of Vestroia (Nintendo Switch),36.99,Nintendo Switch,Buy Now,Fighting
716,Cloudpunk (PS4),26.99,PlayStation 4,Buy Now,Action
717,The Dark PICTURES: Man Of Medan & Little Hope Pack (Xbox One),46.99,Xbox One,Buy Now,Horror
718,The Dark Pictures Anthology: Little Hope (PS4),26.99,Sony PlayStation 4,Buy Now,Adventure
719,G.I. Joe: Operation Blackout (PS4),38.99,PS4,Buy Now,Action
720,Earth Defense Force 5 (PS4),33.99,PS4,Buy Now,Action
721,FIFA 21 Champions Edition (PS4),72.99,PS4,Buy Now,Sports
722,Skully (PS4),28.99,PS4,Buy Now,Adventure
723,Nexomon Extinction (PS4),30.99,PS4,Buy Now,Adventure
724,Death Stranding (PS4),38.99,PS4,Buy Now,Action
725,The Lego Movie 2 Videogame Mini Figure Edition (PS4),28.99,PS4,Buy Now,Adventure
726,PlayStation Network Card £25,37.99,PS4,Buy Now,nan
727,NBA 2K18 Nintendo (Nintendo Switch),11.99,Nintendo Switch,Buy Now,Sports
728,Destiny 2 (PS4),7.99,PS4,Buy Now,FPS
729,Monstrum (Xbox One),21.99,Xbox One,Buy Now,Horror
730,Monstrum (PS4),26.99,PS4,Buy Now,Horror
731,Transformers: Battlegrounds (PS4),28.99,PS4,Buy Now,Action
732,Dynasty Warriors 8: Xtreme Legends - Complete Edition (PS4),17.99,PS4,Buy Now,Action
733,Resident Evil 4 HD (PS4),18.99,PS4,Buy Now,Action
734,LEGO Movie 2: The Videogame (PS4),20.99,PS4,Buy Now,"Action, Adventure"
735,Anthem (Xbox One),11.99,Xbox One,Buy Now,"Action, Adventure"
736,NBA Live 18: The One Edition (PS4),20.99,PS4,Buy Now,Sports
737,Rise of the Tomb Raider: 20 Year Celebration (PS4),18.99,PS4,Buy Now,"Action, Adventure"
738,Kingdom Come: Deliverance - Royal Edition (Xbox One),21.99,Xbox One,Buy Now,RPG
739,My Universe: School Teacher (PS4),32.99,PS4,Buy Now,Simulator
740,My Universe: Fashion Boutique (PS4),31.99,PS4,Buy Now,Simulator
741,Garfield Kart: Furious Racing (PS4),28.99,PS4,Buy Now,Driving
742,Little Nightmares Complete (PS4),19.99,PS4,Buy Now,Adventure
743,Far Cry 4 & Far Cry 5 (Double Pack) (Xbox One),25.99,Xbox One,Buy Now,"Action, Adventure"
744,Sayonara Wild Hearts (PS4),20.99,PS4,Buy Now,Action
745,Raid: World War II (Xbox1),13.99,Xbox One,Buy Now,Fighting
746,Descenders (PS4),21.99,PS4,Buy Now,Action
747,Overcooked Gourmet Edition (Xbox One),17.99,Xbox One,Buy Now,Strategy
748,Tin & Kuna (PS4),30.99,PS4,Buy Now,Platform
749,Robotics Notes Double Pack (PS4),51.99,PS4,Buy Now,Adventure
750,My Heros Justice 2 - Collector's Edition (PS4),120.99,PS4,Buy Now,Fighting
751,Fast & Furious Crossroads (Xbox One),42.99,Xbox One,Buy Now,Driving
752,Supermarket Shriek (PS4),29.99,PlayStation 4,Buy Now,"Kids, Family"
753,Cadence of Hyrule – Crypt of the NecroDancer (Nintendo Switch),39.99,Nintendo Switch,Buy Now,Platform
754,Asterix & Obelix XXL - Romastered (Nintendo Switch),39.99,Nintendo Switch,Buy Now,Adventure
755,Asterix & Obelix XXL - Romastered (PS4),39.99,PlayStation 4,Buy Now,Adventure
756,Project Cars 3 (PS4),26.99,PS4,Buy Now,Driving
757,Tom Clancy's Ghost Recon Breakpoint - Aurora Edition (PS4),18.99,PS4,Buy Now,Action
758,Touhou Kobuto V: Burst Battle (PS4),18.99,PS4,Buy Now,RPG
759,The Last of Us Part II (PS4),48.99,PS4,Buy Now,Driving
760,The Evil Within 2 (Xbox One),15.99,Xbox One,Buy Now,MMORPG
761,Super Monkey Ball: Banana Blitz HD (PS4),22.99,PS4,Buy Now,"Kids, Family"
762,Stranded Sails: Explorers Of The Cursed Islands (PS4),19.99,PS4,Buy Now,"Action, Adventure"
763,Rock of Ages III: Make & Break (PS4),24.99,PS4,Buy Now,Action
764,Resident Evil 2 (PS4),22.99,PS4,Buy Now,"Action, Adventure"
765,1971 Project Helios (Nintendo Switch),22.99,Nintendo Switch,Buy Now,Strategy
766,Neverwinter Nights - Enhanced Edition (Nintendo Switch),24.99,Nintendo Switch,Buy Now,RPG
767,NBA 2K19 (Xbox One),8.99,Xbox One,Buy Now,Sports
768,Minecraft (Nintendo Switch),999.0,Nintendo Switch,Buy Now,Adventure
769,LittleBigPlanet 3 (PS4),18.99,PS4,Buy Now,Action
770,LEGO Worlds (PS4),20.99,PS4,Buy Now,Adventure
771,Immortal Realms: Vampire Wars (PS4),26.99,PS4,Buy Now,Strategy
772,Harvest Moon: Mad Dash (Nintendo Switch),24.99,Nintendo Switch,Buy Now,Strategy
773,Lego Harry Potter Collection (PS4),21.99,PS4,Buy Now,Action
774,LEGO DC Super Villains (PS4),20.99,PS4,Buy Now,"Action, Adventure"
775,Just Dance 2017 (PS4),21.99,PS4,Buy Now,Music
776,Gran Turismo Sport (PS4),18.99,PS4,Buy Now,Driving
777,Far Cry: New Dawn (PS4),16.99,PS4,Buy Now,FPS
778,Dragon Quest: Builders 2 (PS4),21.99,PS4,Buy Now,RPG
779,Dragon Ball: Xenoverse (Xbox One),22.99,Xbox One,Buy Now,Fighting
780,Disney Classic Games: Aladdin & The Lion King (PS4),23.99,PS4,Buy Now,Platform
781,DiRT 4 (PS4),21.99,PS4,Buy Now,Action
782,Dead Rising 4: Frank’s Big Package (PS4),19.99,PS4,Buy Now,Action
783,DCL: The Game (PS4),16.99,PS4,Buy Now,Driving
784,Coffee Crisis (Nintendo Switch),22.99,Nintendo Switch,Buy Now,Strategy
785,Citadel: Forged With Fire (PS4),17.99,PS4,Buy Now,MMORPG
786,Bomber Crew: Complete Edition (PS4),18.99,PS4,Buy Now,Simulation
787,Bloodstained: Ritual of the Night (PS4),21.99,PS4,Buy Now,Platform
788,Bladestorm Nightmare (PS4),18.99,PS4,Buy Now,Action
789,Black Clover: Quartet Knights (PS4),20.99,PS4,Buy Now,"Action, Adventure"
790,Big Pharma - Special Edition (PS4),21.99,PS4,Buy Now,Strategy
791,Bayonetta & Vanquish - 10th Anniversary Bundle (PS4),23.99,PS4,Buy Now,Action
792,Assassin's Creed: Unity (PS4),18.99,PS4,Buy Now,Action
793,Assassin's Creed: The Ezio Collection (PS4),19.99,PS4,Buy Now,"Action, Adventure"
794,ARK: Survival Evolved (Xbox One),29.99,Xbox One,Buy Now,"Action, Adventure"
795,Apex Legends - Bloodhound Edition (PS4),16.99,PS4,Buy Now,FPS
796,Another World & Flashback Compilation (PS4),20.99,PS4,Buy Now,Platform
797,AeternoBlade II (Nintendo Switch),21.99,Nintendo Switch,Buy Now,Action
798,Adventure Time: Pirates of the Enchiridion (Xbox One),17.99,Xbox One,Buy Now,"Action, Adventure"
799,Ace Combat 7: Skies Unknown (PS4),25.99,PS4,Buy Now,Simulation
800,Pathfinder: Kingmaker Definitive Edition (PS4),28.99,PlayStation 4,Buy Now,Action
801,Just Dance 2021 (PS5),49.99,PS5,Buy Now,"Dance, Music"
802,The Survivalist (PS4),21.99,PlayStation 4,Buy Now,"Action, Adventure"
803,The Falconeer (Xbox One/Xbox Series X),39.99,"PC, Microsoft Xbox Series X, Microsoft Xbox One, Microsoft Xbox",Buy Now,"Action, Adventure"
804,Bubble Bobble 4 Friends The Baron Is Back! (PS4),34.99,PS4,Buy Now,"Kids, Family, Platform"
805,Crash Bandicoot 4: It’s About Time (Xbox One),62.99,Microsoft Xbox One,Buy Now,Adventure
806,Samurai Shodown Neogeo Collection (Nintendo Switch),46.99,Nintendo Switch,Buy Now,"Action, Fighting"
807,Summer Sports Games (Nintendo Switch),28.99,Nintendo Switch,Buy Now,Sports
808,Bounty Battle: The Ultimate Indie Brawler (PS4),25.99,PlayStation 4,Buy Now,Action
809,Control Ultimate Edition (Xbox One/Xbox Series X),34.99,"Xbox One, Xbox Series X",Buy Now,"Action, Adventure"
810,Overcooked! All You Can Eat (PS5),39.99,PS5,Buy Now,Simulation
811,Planet Coaster: Console Edition (PS4),40.99,Sony PlayStation 4,Buy Now,Simulation
812,Fast & Furious Crossroads (PS4),27.99,Sony PlayStation 4,Buy Now,Driving
813,Assassin's Creed III Remastered (PS4),22.99,Sony PlayStation 4,Buy Now,"Action, Adventure"
814,The Sims 4 Eco Lifestyle (PC),37.99,PC,Buy Now,Simulation
815,Kingdom Majestic (Nintendo Switch),39.99,Nintendo Switch,Buy Now,"Action, Platform"
816,F1 2018 - Headline Edition (Xbox One),21.99,Microsoft Xbox One,Buy Now,"Driving, Simulation"
817,Agents of Mayhem - Day One Edition (Xbox One),4.99,Xbox One,Buy Now,"Action, Sci-Fi, Third Person Shooter"
818,Yakuza: Remastered Collection (PS4),43.99,Sony PlayStation 4,Buy Now,"Action, Fighting"
819,Dragon Age: Inquisition (PS3),4.99,Sony PlayStation 3,Buy Now,"Adventure, RPG, Fantasy"
820,Warhammer: Age of Reckoning - 60 Day Pre-Paid Card (PC),5.99,PC,Buy Now,"Sci-Fi, Strategy"
821,FIFA 14 + Ultimate team DLC (PC),15.99,PC,Buy Now,"Sports, Strategy"
822,Rift - 60 Day Pre-Paid Card (PC),8.99,PC,Buy Now,"RPG, Fantasy"
823,Dark Souls III (Xbox One),26.99,Xbox One,Buy Now,"Action, Adventure, Fantasy"
824,Race with Ryan (Xbox One),30.99,Xbox One,Buy Now,"Driving,Kids,Family"
825,Wasteland 3: Day One Edition (Xbox One),42.99,Xbox One,Buy Now,"Action, Adventure"
826,No Straight Roads (Xbox One),29.99,Xbox One,Buy Now,Fantasy
827,The Sojourn (Xbox One),29.99,Xbox One,Buy Now,Adventure
828,Fairy Tail (PS4),49.99,PS4,Buy Now,"RPG, Fantasy"
829,No Man's Sky (Xbox One),20.99,Microsoft Xbox One,Buy Now,"Action, Sci-Fi"
830,Resident Evil 7 Biohazard (Xbox One),19.99,Xbox One,Buy Now,"Action, Puzzle, Horror"
831,Baldur's Gate Enhanced Edition (Xbox One),22.99,Xbox One,Buy Now,"RPG, Fantasy"
832,Resident Evil 2 (Xbox One),22.99,Microsoft Xbox One,Buy Now,"Action, Puzzle, Horror"
833,FIFA 17 (Xbox One),25.99,Xbox One,Buy Now,Sports
834,Mortal Kombat 11 (PS4),24.99,Sony PlayStation 4,Buy Now,"Action, Fighting"
835,Kingdom Hearts 3 (PS4),13.99,Sony PlayStation 4,Buy Now,"Action, RPG, Fantasy"
836,Red Dead Redemption 2 (PS4),29.99,PlayStation 4,Buy Now,"Action, Adventure"
837,Bloodborne - GOTY Edition (PS4),26.99,PlayStation 4,Buy Now,"Action, RPG, Fantasy"
838,The Sims 4 - (PC),21.99,PC,Buy Now,Simulation
839,The Cursed Crusade (PC),7.99,PC,Buy Now,"Action, Fantasy"
840,Team Sonic Racing (Nintendo Switch),28.99,Nintendo Switch,Buy Now,"Driving,Kids,Family, Fantasy"
841,Splatoon 2 (Nintendo Switch),52.99,Nintendo Switch,Buy Now,"Kids, Family"
842,Uncharted 4: A Thief's End - PlayStation Hits (PS4),16.99,PlayStation 4,Buy Now,"Action, Adventure, Puzzle"
843,Mario Kart 7 (Nintendo 3DS),35.99,Nintendo 3DS,Buy Now,"Driving, Sports"
844,Telltale's The Walking Dead: The Final Season (Nintendo Switch),42.99,Nintendo Switch,Buy Now,"Adventure, Puzzle"
845,Tom Clancy's Ghost Recon Breakpoint (PS4),15.99,PlayStation 4,Buy Now,"Action, Third Person Shooter"
846,Call of Duty Modern Warfare (PS4),62.99,PS4,Buy Now,"Action, FPS"
847,Car Mechanic Simulator (Xbox One),26.99,Xbox One,Buy Now,"Simulation, Strategy"
848,Dillon's Dead-Heat Breakers (Nintendo 3DS),7.99,Nintendo 3DS,Buy Now,"Action, Platform"
849,Captain Toad: Treasure Tracker (3DS),15.99,Nintendo 3DS,Buy Now,"Action, Adventure"
850,Will: A Wonderful World (Nintendo Switch),21.99,Nintendo Switch,Buy Now,"Adventure, Puzzle, Fantasy"
851,Children of Morta (Nintendo Switch),30.99,Nintendo Switch,Buy Now,"Action, Puzzle, RPG, Fantasy"
852,Children of Morta (Xbox One),25.99,Xbox One,Buy Now,"Action, Puzzle, RPG, Fantasy"
853,Zumba Burn It Up (Nintendo Switch),39.99,Nintendo Switch,Buy Now,"Music, Sports"
854,Junior League Sports 3-in-1 Collection (Nintendo Switch),24.99,Nintendo Switch,Buy Now,"Kids, Family, Sports"
855,Dragon ball Z Kakarot (Xbox One),37.99,Xbox One,Buy Now,"Action, Fighting, RPG, Fantasy"
856,Mortal Kombat 11 (Xbox One),24.99,Xbox One,Buy Now,Fighting
857,LEGO Worlds (Nintendo Switch),24.99,Nintendo Switch,Buy Now,Simulation
858,Forza Horizon 4 (Xbox One),35.99,Xbox One,Buy Now,"Action, Driving"
859,Dr Kawashimas Brain Training (Nintendo Switch),35.99,Nintendo Switch,Buy Now,"Kids, Family, Puzzle, Simulation"
860,Nioh 2 (PS4),33.99,Sony PlayStation 4,Buy Now,"Action, Adventure"
861,Wargroove (Nintendo Switch),21.99,Nintendo Switch,Buy Now,"Strategy, Fantasy"
862,Yooka Laylee and The Impossible Lair (Nintendo Switch),21.99,Nintendo Switch,Buy Now,"Puzzle, Fantasy"
863,The Escapists 1 and 2 (Xbox One),19.99,Xbox One,Buy Now,"Puzzle, RPG"
864,Worms Battleground and Worms WMD (Xbox One),19.99,Xbox One,Buy Now,"Action, Fighting, Platform"
865,DayZ (Xbox One),30.99,Xbox One,Buy Now,"Adventure, Simulation, Third Person Shooter"
866,Yooka Laylee and The Impossible Lair (Xbox One),17.99,Xbox One,Buy Now,"Puzzle, Fantasy"
867,Tropico 6 El Prez Editon (Xbox One),30.99,Xbox One,Buy Now,Strategy
868,Disney Tsum Festival (Nintendo Switch),37.99,Nintendo Switch,Buy Now,"Action, Fantasy"
869,Call of Duty Modern Warfare (PS3),17.99,PS3,Buy Now,"Action, FPS"
870,Darksiders 2 - Deathinitive Edition (Nintendo Switch),20.99,Nintendo Switch,Buy Now,"Action, Adventure"
871,Ultra Street Fighter 2: The Final Challengers (Nintendo Switch),37.99,Nintendo Switch,Buy Now,"Action, Fighting"
872,Daemon X Machina (Nintendo Switch),43.99,Nintendo Switch,Buy Now,"Action, RPG"
873,Mario Tennis Aces (Nintendo Switch),51.99,Nintendo Switch,Buy Now,Sports
874,Dragon Quest Builders 2 (Nintendo Switch),47.99,Nintendo Switch,Buy Now,"RPG, Fantasy"
875,Wolfenstein 2: The New Colossus (Nintendo Switch),47.99,Nintendo Switch,Buy Now,FPS
876,Dark Souls Remastered (Xbox One),22.99,Xbox One,Buy Now,Adventure
877,Vaporum (Nintendo Switch),30.99,Nintendo Switch,Buy Now,"Action, RPG"
878,Elder Scrolls Online Tamriel (Xbox One),8.99,Xbox One,Buy Now,"FPS, RPG, Fantasy"
879,Rage 2 (Xbox One),19.99,Xbox One,Buy Now,"Action, FPS"
880,The Dark Pictures Anthology Man of Medan (Xbox One),26.99,Xbox One,Buy Now,"Action, Adventure, Horror"
881,The Banner Saga Trilogy Be (Xbox One),22.99,Xbox One,Buy Now,"Action, Strategy, Fantasy"
882,Rico (Nintendo Switch),21.99,Nintendo Switch,Buy Now,"Action, FPS"
883,Tekken 7 (Xbox One),22.99,Xbox One,Buy Now,"Action, Fighting"
884,Control (PS4),31.99,PS4,Buy Now,Action
885,Genesis Alpha One (Xbox One),8.99,Xbox One,Buy Now,"Action, Sci-Fi"
886,Dead Cells Action GOTY (Nintendo Switch),30.99,Nintendo Switch,Buy Now,"Action, Platform"
887,Aragami Shadow Edition (Nintendo Switch),25.99,Nintendo Switch,Buy Now,"Action, Adventure"
888,Truberbrook (Nintendo Switch),28.99,Nintendo Switch,Buy Now,"Action, Fantasy"
889,Flipping Death (Nintendo Switch),17.99,Nintendo Switch,Buy Now,"Adventure, Platform"
890,Bomber Crew Complete Edition (Nintendo Switch),30.99,Nintendo Switch,Buy Now,"Simulation, Strategy"
891,The Escapists (Xbox One),17.99,Xbox One,Buy Now,"Action, Platform"
892,88 Heroes 98 Heroes Edition (Nintendo Switch),15.99,Nintendo Switch,Buy Now,"Action, Platform"
893,Chicken Range (Nintendo Switch),20.99,Nintendo Switch,Buy Now,FPS
894,The Escapists 2 (Xbox One),17.99,Xbox One,Buy Now,"Simulation, Strategy"
895,Pokemon: Let's Go! Pikachu! (Nintendo Switch),56.99,Nintendo Switch,Buy Now,RPG
896,Call of Cthulhu (Nintendo Switch),31.99,Nintendo Switch,Buy Now,nan
897,Darksiders: Warmastered Edition (Nintendo Switch),26.99,Nintendo Switch,Buy Now,"Action, Adventure"
898,Mysteryville 2 (PC),4.99,Windows XP,Buy Now,nan
899,Telltale's The Walking Dead: The Final Season (Nintendo Switch),18.99,Nintendo Switch,Buy Now,"Adventure, Puzzle"
900,Warriors Orochi 4 (Nintendo Switch),51.99,Nintendo Switch,Buy Now,"Action, Fighting"
901,Nero Platinum 2019 (PC),76.99,PC,Buy Now,nan
902,Elements (PC),5.99,PC,Buy Now,"Puzzle, Strategy"
903,Nintendo Switch Lite Console - Coral with NBA 2K21 and Super Mario Bros Ultimate,324.99,Nintendo Switch,Buy Now,nan
904,Atelier Ryza 2 Lost Legends & The Secret Fairy (Nintendo Switch),49.99,Nintendo Switch,Preorder,RPG
905,Atelier Ryza 2 Lost Legends & The Secret Fairy (PS4),49.99,PS4,Preorder,RPG
906,Hyrule Warriors: Age of Calamity (Nintendo Switch),56.99,Nintendo Switch,Buy Now,Fighting
907,Black Desert (Xbox One/Xbox Series X),35.99,"Xbox One, Xbox Series X",Buy Now,Adventure
908,Maneater (Xbox One),42.99,Xbox One,Buy Now,Horror
909,Puyo Puyo Tetris 2 (Xbox One),32.99,Xbox Series X,Buy Now,"Kids, Family"
910,Assassin's Creed IV Black Flag (Xbox 360 and Xbox One),18.99,Xbox 360,Buy Now,Fighting
911,NBA 2K21 (Nintendo Switch),43.99,Nintendo Switch,Buy Now,Sports
912,Ghostbusters: The Video Game - Remastered (Code in a Box) (Nintendo Switch),24.99,Nintendo Switch,Buy Now,nan
913,Cars 3 (Code in Box) (Nintendo Switch),22.99,Nintendo Switch,Buy Now,Driving
914,Mortal Kombat 11 Ultimate (Nintendo Switch - Code in Box),47.99,Nintendo Switch,Buy Now,Fighting
915,Spirit of The North - Enhanced Edition (PS5),28.99,PS5,Buy Now,Adventure
916,Devil May Cry 5 - Special Edition (PS5),31.99,PS5,Buy Now,Action
917,Doom: Eternal (PS4),22.99,PS4,Buy Now,FPS
918,Horipad Pro Designed (Xbox Series X),50.99,Xbox Series X,Buy Now,nan
919,Luigi's Mansion 3 (Nintendo Switch),51.99,Nintendo Switch,Buy Now,Horror
920,John Wick Hex (Xbox One),25.99,Xbox One,Buy Now,Shooting
921,Godfall Deluxe Edition (PS5),91.99,PS5,Buy Now,Fighting
922,Command And Conquer: The Ultimate Edition (PC),11.99,PC,Buy Now,Strategy
923,Angel Cat Sugar (PC),4.99,PC,Buy Now,RPG
924,Real Heroes: Firefighter 3D (Nintendo 3DS),12.99,Nintendo 3DS,Buy Now,Adventure
925,Kirby Battle Royale (Nintendo 3DS),21.99,Nintendo 3DS,Buy Now,Adventure
926,Dark Souls - Remastered (PS4),20.99,Sony PlayStation 4,Buy Now,Fighting
927,Peaky Blinders: Mastermind (Xbox One),28.99,Xbox One,Buy Now,Puzzle
928,Pokemon Moon (Nintendo 3DS),20.99,Nintendo 3DS,Buy Now,RPG
929,Professor Rubik's Brain Fitness (Nintendo Switch),28.99,Nintendo Switch,Buy Now,Puzzle
930,Office 365 Personal 1 User/1 Year (PC/Mac),69.99,PC,Buy Now,nan
931,Prey (Xbox One),14.99,Xbox One,Buy Now,FPS
932,Commandos 2 HD Remaster (Nintendo Switch),24.99,Nintendo Switch,Buy Now,Strategy
933,Empire of Sin (PS4),34.99,PS4,Buy Now,RPG
934,Yakuza: Like a Dragon - Day Ichi Edition (PS4),38.99,PS4,Buy Now,Action
935,Immortals Fenyx Rising (PS5),54.99,PS5,Buy Now,"Action, Adventure"
936,Need For Speed: Hot Pursuit Remastered (PS4),39.99,Sony PlayStation 4,Buy Now,Driving
937,PAW Patrol Mighty Pups Save Adventure Bay! (PS4),35.99,PlayStation 4,Buy Now,Action
938,Cloudpunk (Xbox One/Xbox Series X),26.99,Xbox One,Buy Now,Action
939,Mortal Shell (PS4),29.99,PS4,Buy Now,RPG
940,Soul Calibur VI (PS4),18.99,PS4,Buy Now,Fighting
941,Transformers: Battlegrounds (Xbox One/Xbox Series X),28.99,"Xbox One, Xbox Series X",Buy Now,Action
942,Raid: World War II (PS4),13.99,PlayStation 4,Buy Now,Fighting
943,Summer Sports Games (PS4),23.99,PS4,Buy Now,"Kids, Family"
944,Asterix & Obelix XXL - Romastered (Xbox One),39.99,Xbox One,Buy Now,Adventure
945,Spongebob SquarePants: Battle for Bikini Bottom - Rehydrated (PS4),23.99,PS4,Buy Now,"Kids, Family, Platform"
946,UFC 4 (Xbox One/Xbox Series X),49.99,"Xbox One, Xbox Series X",Buy Now,nan
947,Streets of Rage 4 (Xbox One),26.99,Xbox One,Buy Now,Fighting
948,Hitman: The Complete First Season (PS4),24.99,PS4,Buy Now,Action
949,Hasbro Family Fun Pack (PS4),18.99,PS4,Buy Now,"Kids, Family"
950,Deus Ex: Mankind Divided - Day One Edition (PS4),9.99,PS4,Buy Now,Action
951,Cities: Skylines - Parklife Edition (PS4),26.99,PS4,Buy Now,Strategy
952,Borderlands 3 (PS4),17.99,PS4,Buy Now,FPS
953,Blacksad: Under the Skin - Limited Edition (PS4),22.99,PS4,Buy Now,Adventure
954,Blackguards 2 (PS4),11.99,PS4,Buy Now,RPG
955,Warborn (Nintendo Switch),29.99,Nintendo Switch,Buy Now,"Action, RPG, Sci-Fi, Strategy, Fantasy"
956,Control (Xbox One),14.99,Microsoft Xbox One,Buy Now,"Action, Third Person Shooter"
957,Demons Souls (PS5),74.99,"Sony PlayStation 5, Sony PlayStation 4",Buy Now,"Action, Fantasy"
958,The Sims 4 Star Wars: Journey to Batuu (Xbox One),49.99,Xbox One,Buy Now,Simulation
959,Invector Avicii (Nintendo Switch),27.99,Nintendo Switch,Buy Now,Music
960,Holy Potatoes Compendium (Nintendo Switch),35.99,Nintendo Switch,Buy Now,Simulation
961,Bounty Battle: The Ultimate Indie Brawler (Nintendo Switch),30.99,Nintendo Switch,Buy Now,Action
962,Winter Sports Games (PS4),21.99,PlayStation 4,Buy Now,"Simulation, Sports"
963,Instant Chef Party (Nintendo Switch),30.99,Nintendo Switch,Buy Now,Simulation
964,Rocket Arena - Mythic Edition (Xbox One),16.99,Xbox One,Buy Now,Sports
965,Deadly Premonition 2: A Blessing in Disguise (Nintendo Switch),44.99,Nintendo Switch,Buy Now,RPG
966,Call of Duty: Modern Warfare 2 - Classics (Xbox 360/Xbox One),18.99,Xbox 360,Buy Now,"Action, FPS"
967,Pillars of Eternity II: Deadfire (Xbox One),20.99,Xbox One,Buy Now,"Action, RPG, Fantasy"
968,Tom Clancy's Rainbow Six Siege (Xbox One),16.99,Microsoft Xbox One,Buy Now,"Action, FPS, Strategy"
969,Far Cry 6 Gold Edition (Xbox One/Xbox Series X),84.99,"Xbox One, Xbox Series X",Preorder,"Action, Adventure, FPS"
970,WRC 9 (Xbox One),49.99,Xbox One,Buy Now,Driving
971,DOOM Eternal (Xbox One),54.99,Xbox One,Buy Now,"Action, FPS"
972,Ride 4 (Xbox One),49.99,Xbox One,Buy Now,Driving
973,Ride 4 (PS4),49.99,PS4,Buy Now,Driving
974,Dirt 5 (Xbox One),54.99,Xbox One,Buy Now,Driving
975,Sword Art Online Alicization Lycoris (PS4),47.99,PlayStation 4,Buy Now,"Action, RPG"
976,Xenoblade Chronicles Definitive Edition (Nintendo Switch),53.99,Nintendo Switch,Buy Now,"Action, Adventure"
977,Red Dead Redemption 2 (Xbox One),29.99,Microsoft Xbox One,Buy Now,"Action, Adventure"
978,Star Wars Battlefront II (Xbox One),21.99,Microsoft Xbox One,Buy Now,"Action, Sci-Fi, Third Person Shooter"
979,One Piece Pirate Warrriors 4 (PS4),45.99,PlayStation 4,Buy Now,"Action, RPG"
980,Death Stranding (PS4),38.99,PlayStation 4,Buy Now,"Action, Sci-Fi, Horror"
981,Fire Emblem Coin (Nintendo Switch),4.99,Nintendo Switch,Buy Now,nan
982,FIFA 20 (PS4),37.99,Sony PlayStation 4,Buy Now,Sports
983,Gang Beasts (PS4),20.99,Sony PlayStation 4,Buy Now,"Action, Fighting,Kids,Family"
984,Pokemon Pokepark Wii Pikachus Adventure (Wii),24.99,Nintendo Wii,Buy Now,Adventure
985,Ghost Parade (Nintendo Switch),21.99,Nintendo Switch,Buy Now,"Action, Platform, Puzzle, RPG, Fantasy, Horror"
986,Sniper Ghost Warrior Contracts (PC),30.99,PC,Buy Now,"Action, FPS"
987,Final Fantasy X/ X-2 HD Remaster (Nintendo Switch),25.99,Nintendo Switch,Buy Now,"RPG, Fantasy"
988,Yoshi's Crafted World (Nintendo Switch),51.99,Nintendo Switch,Buy Now,Platform
989,Sekiro: Shadows Die Twice (Xbox One),35.99,Xbox One,Buy Now,"Action, Fantasy"
990,Just Cause 4 (Xbox One),26.99,Xbox One,Buy Now,"Action, Third Person Shooter"
991,Shadow of the Tomb Raider (Xbox One),26.99,Xbox One,Buy Now,Adventure
992,Elder Scrolls Online Morrowind (Xbox One),11.99,Xbox One,Buy Now,"FPS, RPG, Fantasy"
993,Dark Souls 3 The Fire Fades Edition GOTY (Xbox One),26.99,Xbox One,Buy Now,"Action, RPG, Fantasy"
994,Wolfenstein Youngblood Deluxe (Xbox One),19.99,Xbox One,Buy Now,"Action, FPS"
995,Blackguards 2 Day One Edition (Xbox One),24.99,Xbox One,Buy Now,"Strategy, Fantasy"
996,Warhammer 40000 Deathwatch (PS4),12.99,PS4,Buy Now,"RPG, Strategy, Fantasy"
997,Worms Wmd All Stars (Xbox One),17.99,Xbox One,Buy Now,"RPG, Strategy"
998,Worms Battlegrounds (Xbox One),16.99,Xbox One,Buy Now,"Kids, Family, Simulation"
999,Portal Knights (PS4),18.99,PS4,Buy Now,"Adventure, Platform, Fantasy"
1000,Project Cars 2 (Xbox One),22.99,Xbox One,Buy Now,"Action, Driving"
1001,Kingdom Hearts III (Xbox One),17.99,Xbox One,Buy Now,"RPG, Fantasy"
1002,SEGA MegaDrive Classics (PS4),35.99,PS4,Buy Now,Action
1003,Shenmue 1 & 2 (PS4),35.99,PS4,Buy Now,Puzzle
1004,NHL 20 (Xbox One),27.99,Microsoft Xbox One,Buy Now,Sports
1005,LEGO Harry Potter Collection (Nintendo Switch),28.99,Nintendo Switch,Buy Now,"Action, Adventure"
1006,UFC 3 (Xbox One),27.99,Microsoft Xbox One,Buy Now,Fighting
1007,Final Fantasy VII Remake (PS4),60.99,PS4,Buy Now,RPG
1008,Immortals Fenyx Rising (PS4),54.99,PS4,Buy Now,"Action, Adventure"
1009,Watch Dogs Legion Gold Edition (PS4),85.99,PlayStation 4,Buy Now,"Action, Adventure"
1010,Vampire The Masquerade Bloodlines 2 First Blood Edition (PS4),54.99,PS4,Buy Now,RPG
1011,The Sims 4 Get Famous (PC),27.99,Windows,Buy Now,Simulation
1012,Sleeping Dogs - Definitive Edition (PS4),15.99,Sony PlayStation 4,Buy Now,"Action, Adventure"
1013,11-11 Memories Retold (PS4),13.99,PlayStation 4,Buy Now,"Action, Adventure"
1014,The Banner Saga Trilogy Bonus Edition (PS4),17.99,PlayStation 4,Buy Now,RPG
1015,Madden NFL 20 (Xbox One),27.99,Microsoft Xbox One,Buy Now,Sports
1016,Sid Meiers Civilization 6 (Nintendo Switch),23.99,Nintendo Switch,Buy Now,Strategy
1017,Street Fighter V Arcade Edition (PS4),19.99,Sony PlayStation 4,Buy Now,"Action, Fighting"
1018,Trials Rising Gold Edition (PS4),11.99,Sony PlayStation 4,Buy Now,"Action, Driving, Sports"
1019,The Council (Xbox One),27.99,Xbox One,Buy Now,"Adventure, Puzzle"
1020,Asterix and Obelix XXL2 Limited Edition  (PS4),48.99,PlayStation 4,Buy Now,"Action, Puzzle"
1021,Middle Earth: Shadow Of Mordor (PS3),14.99,PS3,Buy Now,"Action, RPG"
1022,The Persistence (PS4/PSVR),16.99,PlayStation 4,Buy Now,"Action, FPS, Sci-Fi"
1023,The Sims 4 (Xbox One),20.99,Xbox One,Buy Now,Simulation
1024,LEGO City Undercover (PS4),19.99,Sony PlayStation 4,Buy Now,"Action, Driving, Puzzle"
1025,Injustice 2 (Xbox One),13.99,"Microsoft Xbox One, Microsoft Xbox",Buy Now,"Action, Fighting"
1026,Star Wars Battlefront II (Digital Code in a Box) (PC),21.99,Windows 8,Buy Now,"Action, Sci-Fi"
1027,Star Trek Bridge Crew VR (PS4/PSVR),20.99,Sony PlayStation 4,Buy Now,"Sci-Fi, Simulation"
1028,Super Mario Odyssey (Nintendo Switch),52.99,Nintendo Switch,Buy Now,Adventure
1029,RIGS: Mechanized Combat League (PS4/PSVR),18.99,PlayStation VR,Buy Now,"Action, FPS, Sci-Fi"
1030,Deus Ex: Mankind Divided - Day One Edition  (Xbox One),9.99,Xbox One,Buy Now,"Action, FPS, RPG, Sci-Fi, Third Person Shooter"
1031,"Nintendo Switch Lite Console - Coral with NBA 2K21, Super Mario Bros Ultimate and Super Mario Odyssey",359.99,Nintendo Switch,Buy Now,nan
1032,Turrican Flashback (Nintendo Switch),24.99,Nintendo Switch,Preorder,Platform
1033,Root Double Before Crime Xtend (Nintendo Switch),44.99,Nintendo Switch,Preorder,RPG
1034,Resident Evil Village (PS4),59.99,PS4,Preorder,Horror
1035,Darksiders Genesis (Xbox One),24.99,Xbox One,Buy Now,Adventure
1036,Far Cry The Wild Expedition (Xbox 360),29.99,Xbox 360,Buy Now,Action
1037,Puyo Puyo Tetris 2 (Nintendo Switch),36.99,Nintendo Switch,Buy Now,"Kids, Family"
1038,CyberPunk 2077 (PS4),48.99,PS4,Buy Now,FPS
1039,Dark Souls Trilogy & Resident Evil 2 (PS4),42.99,PS4,Buy Now,Fighting
1040,Star Wars: Squadrons (Xbox One),22.99,Xbox One,Buy Now,Sci-Fi
1041,Sony PlayStation 4 500GB Console - Black with Assasssins Creed Valhalla (PS4),358.99,PS4,Buy Now,nan
1042,Super Smash Bros - Ultimate (Nintendo Switch),57.99,Nintendo Switch,Buy Now,"Action, Fighting"
1043,Oddworld: Abes Oddysee - New n Tasty (Nintendo Switch),27.99,Video Game,Buy Now,Action
1044,Xenoblade Chronicles X (Nintendo Wii U),31.99,Wii U,Buy Now,Adventure
1045,Battlefield Hardline (PS3),15.99,PS3,Buy Now,Action
1046,Trigger Treadz Combat Elite - Urban Camo (PS5),9.99,PS4,Buy Now,nan
1047,Pang Adventures - Buster Edition (PS4),20.99,PS4,Buy Now,Action
1048,My Universe: My Baby (PS4),32.99,PS4,Buy Now,Simulation
1049,Immortals: Fenyx Rising (PS4),45.99,PS4,Buy Now,Action
1050,Journey to the Savage Planet (PS4),21.99,PS4,Buy Now,"Action, Adventure"
1051,Far Cry 4 and Far Cry 5 (Double Pack) (PS4),25.99,PS4,Buy Now,Simulation
1052,Code Vein (PS4),20.99,PS4,Buy Now,"Action, Adventure"
1053,Ninja Legends (PS4),22.99,PS4,Buy Now,nan
1054,Ghost Recon Breakpoint Auroa Edition (PS4),27.99,PS4,Buy Now,Third Person Shooter
1055,Watch Dogs Legion (PS4),61.99,PS4,Buy Now,Action
1056,The Angry Birds Movie2 VR Under Pressure (PS4),18.99,PS4,Buy Now,"Kids, Family, Puzzle, Strategy"
1057,XIII - Limited Edition (PS4),36.99,PS4,Buy Now,FPS
1058,Tom Clancy's Ghost Recon Wildlands & Tom Clancy's The Division 2 (PS4),19.99,PS4,Buy Now,Action
1059,Secret of Mana (PS4),18.99,PS4,Buy Now,"Action, Adventure"
1060,My Universe - Cooking Star Restaurant (PS4),32.99,PS4,Buy Now,"Kids, Family"
1061,Lumo (PS4),17.99,PS4,Buy Now,Adventure
1062,Kingdom Hearts: Melody Of Memory (PS4),46.99,PS4,Buy Now,Platformer
1063,Dragon Ball FighterZ (PS4),21.99,PS4,Buy Now,Fighting
1064,Madden NFL 21 (PS4),40.99,PS4,Buy Now,Sports
1065,Dark Souls 3: The Fire Fades - GOTY Edition (PS4),22.99,PS4,Buy Now,Action
1066,NBA 2K21 (Xbox Series X),65.99,Video Game,Buy Now,Sports
1067,Dragon Ball: FighterZ (PS4),19.99,Sony PlayStation 4,Buy Now,"Action, Fighting"
1068,Dark Souls 3 (PS4),20.99,Sony PlayStation 4,Buy Now,"Adventure, RPG, Fantasy"
1069,PAW Patrol Mighty Pups Save Adventure Bay! (Xbox One/Xbox Series X),35.99,Xbox One,Buy Now,Action
1070,Dishonored and Prey: The Arkane Collection (PS4),25.99,PlayStation 4,Buy Now,FPS
1071,Call of Duty: Black Ops (PS3),15.99,PS3,Buy Now,Action
1072,LEGO Movie 2: The Videogame (Xbox One),20.99,Xbox One,Buy Now,"Action, Adventure"
1073,The Survivalists (Xbox One),26.99,Xbox One,Buy Now,Action
1074,The Crew 2 (PS4),20.99,PS4,Buy Now,Driving
1075,New Super Mario Bros U - Deluxe (Nintendo Switch),54.99,Nintendo Switch,Buy Now,Platform
1076,Dragon Age: Inquisition (Xbox 360),13.99,Xbox 360,Buy Now,RPG
1077,Just Dance 2021 (PS4),49.99,PS4,Buy Now,"Dance, Music"
1078,Watch Dogs Legion (PS5),84.99,PS5,Preorder,"Action, Adventure"
1079,Ride 4 (PS5),49.99,PS5,Buy Now,Driving
1080,Marvels Spider-Man: Miles Morales Ultimate Edition (PS5),74.99,PS5,Buy Now,"Action, Adventure"
1081,Yakuza: Like a Dragon Limited Edition (Xbox One/Xbox Series X),49.99,"Xbox One, Xbox Series X",Preorder,"Action, Fighting, RPG"
1082,Grand Theft Auto V: Premium Edition (Xbox One),23.99,Microsoft Xbox One,Buy Now,"Action, Driving, Third Person Shooter"
1083,Sonic Unleash - Classic Edition (Xbox 360),14.99,Microsoft Xbox 360,Buy Now,"Action, Platform"
1084,Dance Central 2 - Full Game Download (Xbox 360),7.99,Xbox 360,Buy Now,"Dance, Music"
1085,Far Cry 6 (Xbox One/Xbox Series X),54.99,"Xbox One, Xbox Series X",Preorder,"Action, Adventure, FPS"
1086,Captain Tsubasa: Rise of New Champions (Nintendo Switch),59.99,Nintendo Switch,Buy Now,Sports
1087,Moving Out (Nintendo Switch),25.99,Nintendo Switch,Buy Now,"Kids, Family, Strategy"
1088,Star Wars: Squadrons (PS4),27.99,Sony PlayStation 4,Buy Now,Action
1089,For Honor (Xbox One),16.99,Xbox One,Buy Now,"Action, Fighting"
1090,Naruto Ultimate Ninja Storm Trilogy (PS4),21.99,PlayStation 4,Buy Now,"Action, Fantasy"
1091,Fitness Boxing (Nintendo Switch),43.99,Nintendo Switch,Buy Now,"Fighting, Simulation"
1092,Rune Factory 4 Special (Nintendo Switch),32.99,Nintendo Switch,Buy Now,"RPG, Simulation"
1093,Pokemon: Let's Go Eevee! (Nintendo Switch),51.99,Nintendo Switch,Buy Now,"Adventure,Kids,Family, RPG"
1094,Assassin's Creed 3 - Remastered (Nintendo Switch),26.99,Nintendo Switch,Buy Now,Action
1095,Frostpunk Console Edition (Xbox One),30.99,Xbox One,Buy Now,Strategy
1096,Astral Chain (Nintendo Switch),50.99,Nintendo Switch,Buy Now,"Action, Sci-Fi, Fantasy"
1097,Lego City Undercover: Toy Set Edition (PS4),24.99,Sony PlayStation 4,Buy Now,"Action, Adventure"
1098,Dying Light 2 (Xbox One),54.99,Xbox One,Preorder,"Action, RPG"
1099,Lego Star Wars The Skywalker Saga (Xbox One),49.99,Xbox One,Preorder,"Action, Adventure"
1100,PES 2020 (PS4),23.99,Sony PlayStation 4,Buy Now,Sports
1101,Immortals Fenyx Rising (Nintendo Switch),51.99,Nintendo Switch,Buy Now,"Action, Adventure"
1102,Immortals Fenyx Rising (Xbox One/Xbox Series X),54.99,"Xbox One, Xbox Series X",Buy Now,"Action, Adventure"
1103,Just Dance 2020 (Nintendo Switch),42.99,Nintendo Switch,Buy Now,Dance
1104,Borderlands 3 Standard Edition (PS4),43.99,Sony PlayStation 4,Buy Now,"Action, FPS"
1105,Gears 5 Standard Edition (Xbox One),30.99,Xbox One,Buy Now,"Action, Sci-Fi, Third Person Shooter"
1106,Vampire The Masquerade Bloodlines 2 First Blood Edition  (Xbox One),54.99,Xbox One,Buy Now,RPG
1107,Mortal Kombat Premium Collection (Xbox One),78.99,Xbox One,Buy Now,Fighting
1108,Shadow of the Tomb Raider (PS4),14.99,Sony PlayStation 4,Buy Now,"Action, Platform, Puzzle"
1109,Here They Lie VR (PS4/PSVR),16.99,PlayStation VR,Buy Now,Action
1110,Super Mario Party (Nintendo Switch),48.99,Nintendo Switch,Buy Now,"Action, Family,Kids,Family, Sports, Strategy"
1111,LEGO Batman 3: Beyond Gotham (Xbox One),15.99,Microsoft Xbox One,Buy Now,"Action, Sci-Fi"
1112,LEGO Jurassic World (Xbox One),16.99,Microsoft Xbox One,Buy Now,"Action, Puzzle"
1113,F1 2017 (Xbox One),10.99,Xbox One,Buy Now,"Driving, Sports"
1114,Ben 10: Power Trip (Nintendo Switch),42.99,Nintendo Switch,Buy Now,Action
1115,Super Mario 3D All-stars (Nintendo Switch),56.99,Nintendo Switch,Buy Now,Adventure
1116,Sony PlayStation 4 500GB Black with Mortal Kombat 11 (PS4),334.99,PS4,Buy Now,nan
1117,Space Invaders Forever (PS4),25.99,PlayStation 4,Buy Now,Platform
1118,Mortal Kombat 11 Ultimate Edition (PS4),51.99,PS4,Buy Now,Fighting
1119,Madden NFL 21 - NXT LVL (Xbox Series X),68.99,Xbox Series X,Buy Now,Sports
1120,Yakuza 6: The Song of Life (Playstation Hits) (PS4),20.99,PS4,Buy Now,Fighting
1121,The King of Fighters XIV (PS4),30.99,PS4,Buy Now,Action
1122,Professor Rubik's Brain Fitness (PS4),27.99,PS4,Buy Now,"Kids, Family"
1123,NHL 21 (PS4),46.99,PS4,Buy Now,Sports
1124,Pokemon Sword + Expansion Pass (Nintendo Switch),79.99,Nintendo Switch,Buy Now,RPG
1125,Waifu Uncovered (Nintendo Switch),24.99,Nintendo Switch,Buy Now,Puzzle
1126,Animal Crossing: New Horizons (Nintendo Switch),56.99,Nintendo Switch,Buy Now,Adventure
1127,Kingdom Come: Deliverance (Xbox One),18.99,Xbox One,Buy Now,RPG
1128,No Straight Roads (Nintendo Switch),42.99,Nintendo Switch,Buy Now,Adventure
1129,This Is The Police 2 (Nintendo Switch),17.99,Nintendo Switch,Buy Now,Adventure
1130,Sports Party (Nintendo Switch),26.99,Nintendo Switch,Buy Now,Sports
1131,Layton's Mystery Journey: Katrielle and the Millionaires' Conspiracy - Deluxe Edition (Nintendo Switch),36.99,Nintendo Switch,Buy Now,Adventure
1132,Assetto Corsa: Competizione (PS4),38.99,PS4,Buy Now,Driving
1133,Animal Crossing Happy Home Designer (Nintendo 3DS),14.99,Nintendo 3DS,Buy Now,Adventure
1134,Godfall (PS5),74.99,Sony PlayStation 5,Buy Now,"Action, Adventure"
1135,Far Cry 6 Gold Edition (PS5),84.99,PS5,Preorder,"Action, Adventure, FPS"
1136,Far Cry 6 (PS5),54.99,PS5,Preorder,"Action, Adventure, FPS"
1137,Sackboy: A Big Adventure (PS5),64.99,Sony PlayStation 5,Buy Now,Adventure
1138,Minecraft Dungeons - Hero Edition (PS4),24.99,Sony PlayStation 4,Buy Now,RPG
1139,Overcooked! All You Can Eat (Xbox Series X),41.99,Xbox Series X,Buy Now,Simulation
1140,Instant Sports: Summer Games (Nintendo Switch),30.99,Nintendo Switch,Buy Now,Sports
1141,Yakuza: Like a Dragon Limited Edition (PS4),49.99,PS4,Preorder,"Action, Fighting, RPG"
1142,Legend of Zelda Link's Awakening (Nintendo Switch),51.99,Nintendo Switch,Buy Now,"Adventure, Puzzle, Fantasy"
1143,Far Cry 6 Gold Edition (PS4),84.99,PS4,Preorder,"Action, Adventure, FPS"
1144,Project Cars 3 (Xbox One/Xbox Series X),54.99,"Microsoft Xbox One, Microsoft Xbox",Buy Now,Driving
1145,Grand Theft Auto V: Premium Edition (PS4),23.99,Sony PlayStation 4,Buy Now,"Action, Driving"
1146,The LEGO Movie Videogame (PS4),17.99,PlayStation 4,Buy Now,"Adventure,Kids,Family, Fantasy"
1147,Pokemon: Shield (Nintendo Switch),51.99,Nintendo Switch,Buy Now,"Adventure, RPG"
1148,Super Mario Maker 2 (Nintendo Switch),50.99,Nintendo Switch,Buy Now,"Platform, Strategy"
1149,Crash Team Racing Nitro-Fueled (Nintendo Switch),30.99,Nintendo Switch,Buy Now,Driving
1150,Bloodstained Ritual Night (Nintendo Switch),32.99,Nintendo Switch,Buy Now,"Action, Platform, Fantasy"
1151,Concrete Genie (PS4),20.99,Sony PlayStation 4,Buy Now,"Action, Adventure"
1152,Elden Rings (Xbox One),49.99,Xbox One,Preorder,RPG
1153,Elden Rings (PS4),49.99,PS4,Preorder,RPG
1154,Outriders Day One Edition (Xbox One/Xbox Series X),59.99,"Xbox One, Xbox Series X",Preorder,Action
1155,Outriders Day One Edition (PS4),59.99,PS4,Preorder,Action
1156,Borderlands 3 Standard Edition (Xbox One),44.99,Microsoft Xbox One,Buy Now,"Action, FPS"
1157,Cyberpunk 2077 (Xbox One),53.49,Xbox One,Buy Now,"Action, RPG"
1158,Assassin's Creed Odyssey + Gift Box (PS4),47.99,Sony PlayStation 4,Buy Now,"Action, RPG"
1159,Override: Mech City Brawl - Super Charged Mega Edition (PS4),8.99,PlayStation 4,Buy Now,"Action, Fighting, Sci-Fi"
1160,The Legend of Zelda: Twilight Princess - Nintendo Selects (Wii),22.99,Nintendo Wii,Buy Now,"Action, Puzzle"
1161,Hidden Agenda (PS4),12.99,PlayStation 4,Buy Now,Adventure
1162,Final Fantasy X/X-2 HD Remaster (PS4),21.99,PS4,Buy Now,"Adventure, RPG, Strategy"
1163,Halo Wars 2 (Xbox One),27.99,Xbox One,Buy Now,Strategy
1164,"Nintendo Switch Lite Console - Coral with NBA 2K21, Super Mario Bros Ultimate and Super Mario 3D All-Stars",359.99,Nintendo Switch,Buy Now,nan
1165,"Resident Evil 6 Remastered, Resident Evil 7: Biohazard, The Last of Us Remastered and Destroy All Humans (PS4) ",64.99,PS4,Buy Now,nan
1166,Resident Evil Village (PS5),59.99,PS5,Preorder,Horror
1167,Resident Evil Village (Xbox One/Xbox Series X),59.99,"Xbox One, Xbox Series X",Preorder,Horror
1168,"Sony PlayStation 4 500GB Black with and Mortal Kombat 11, Street Fighter V Arcade Edition and Marvel vs Capcom Infinite (PS4)",359.99,PS4,Buy Now,nan
1169,Sony PlayStation 4 500GB Black with Vertical Stand and Mortal Kombat 11 (PS4),349.99,PS4,Buy Now,nan
1170,Demon's Souls (PS5),76.99,PS5,Buy Now,Fighting
1171,Assassin's Creed Valhalla (PS4),47.99,Video Game,Buy Now,Action
1172,Mortal Kombat 11 Ultimate (Xbox Series X),47.99,Microsoft Xbox One,Buy Now,Fighting
1173,Need For Speed: Hot Pursuit Remastered (Xbox One),27.99,Xbox One,Buy Now,Driving
1174,Empire of Sin (Xbox One/Xbox Series X),34.99,"Xbox One, Xbox Series X",Buy Now,RPG
1175,Zombie Army Trilogy (PS4),999.0,PS4,Buy Now,Action
1176,Tom Clancy's - The Division 2 (PS4),11.99,PS4,Buy Now,FPS
1177,Troll Hunters Defenders Of Arcadia (Nintendo Switch),32.99,Nintendo Switch,Buy Now,"Action, Platform"
1178,WWE 2K Battlegrounds (Xbox One/Xbox Series X),38.99,Microsoft Xbox One,Buy Now,Fighting
1179,Slime Rancher Deluxe Edition (PS4),22.99,Sony PlayStation 4,Buy Now,Adventure
1180,Mountain Rescue (Nintendo Switch),26.99,Nintendo Switch,Buy Now,Simulation
1181,SEGA MegaDrive Classics (Nintendo Switch),40.99,Nintendo Switch,Buy Now,Driving
1182,Lego Star Wars The Skywalker Saga (PS4),49.99,PS4,Preorder,"Action, Adventure"
1183,Tom Clancy's Rainbow Six Quarantine (PS4),54.99,PS4,Preorder,"Action, FPS"
1184,Until Dawn: Rush of Blood (PS4/PSVR),18.99,PS4,Buy Now,"Adventure, FPS"
1185,"Nintendo Switch Lite Console - Coral with NBA 2K21, Super Mario Bros Ultimate and Xenoblade Chronicles Definitive Edition",359.99,Nintendo Switch,Buy Now,nan
1186,"Nintendo Switch Lite Console - Coral with NBA 2K21, Super Mario Bros Ultimate and Ben 10 Power Trips",349.99,Nintendo Switch,Buy Now,nan
1187,Maneater (PS5),36.99,PS5,Buy Now,Horror
1188,Pokemon Mystery Dungeon: Rescue Team DX (Nintendo Switch),49.99,Nintendo Switch,Buy Now,"Action, Adventure"
1189,Puyo Puyo Tetris 2 (PS5),38.99,PS5,Buy Now,Puzzle
1190,Marvels Spider-Man: Miles Morales (PS5),56.99,PS5,Buy Now,"Action, Adventure"
1191,Samurai Shodown Neogeo Collection (PS4),46.99,PlayStation 4,Buy Now,"Action, Fighting"
1192,Mario + Rabbids Kingdom Battle (Nintendo Switch),27.99,Nintendo Switch,Buy Now,Strategy
1193,Sniper: Ghost Warrior 2 - Full Game Download (PC),15.99,PC,Buy Now,"Action, FPS"
1194,The Witcher 3 - Wild Hunt Complete Edition (Nintendo Switch),46.99,Nintendo Switch,Buy Now,"Adventure, RPG, Fantasy"
1195,Tom Clancy's Rainbow Six Quarantine (Xbox One),54.99,Xbox One,Preorder,"Action, FPS"
1196,Super Smash Bros. (Nintendo 3DS),39.99,Nintendo 2DS,Buy Now,"Action, Adventure"
1197,Nintendo Switch Console - Fortnite Limited Edition with Super Mario Odyssey and Super Mario 3D All-Stars,444.99,Nintendo Switch,,nan
1198,Outriders Day One Edition (PS5),59.99,PS5,Preorder,Action
1199,Sackboy: A Big Adventure (PS4),64.99,PlayStation 4,Preorder,Adventure
1200,Sony PlayStation 5 HD Camera (PS5),49.99,PS5,Buy Now,nan
1201,Far Cry 6 (PS4),54.99,PS4,Preorder,"Action, Adventure, FPS"
1202,Forza Horizon 3 - Full Game Download Code (Xbox One),31.99,Xbox One,Buy Now,Driving
1203,Nintendo Selects: Super Mario Galaxy (Wii),23.99,Nintendo Wii,Buy Now,Adventure
1204,Assassin's Creed Odyssey + Gift Box (Xbox One),47.99,Microsoft Xbox One,Buy Now,"Action, RPG"
1205,South Park The Fractured But Whole (PS4),13.99,"Microsoft Xbox One, Sony PlayStation 4, Microsoft Xbox",Buy Now,RPG
1206,Nintendo Switch Console - Fortnite Limited Edition with Super Mario 3D All-Stars and Splatoon 2,444.99,Nintendo Switch,,nan
1207,"Nintendo Switch Console - Fortnite Limited Edition with Mario Kart 8 Deluxe, Super Mario Odyssey and Super Mario 3D All-Stars",479.99,,,nan
1208,Mario Kart 8 Deluxe (Nintendo Switch),51.99,Nintendo Switch,Buy Now,Driving
1209,FIFA 21 - Champions Edition (Xbox One/Xbox Series X),47.99,"Xbox One, Xbox Series X",Buy Now,Fighting
1210,MXGP 2020 (PS5),49.99,PS5,Preorder,Driving
1211,Dying Light 2 (PS4),54.99,PS4,Preorder,"Action, RPG"
1212,Lego Star Wars The Skywalker Saga (Nintendo Switch),49.99,Nintendo Switch,Preorder,"Action, Adventure"
1213,Nintendo Switch Console - Fortnite Limited Edition with Mario Kart 8 Deluxe and Super Mario 3D All-Stars,444.0,Nintendo Switch,,nan
1214,"Sony PlayStation 4 500GB Black with Resident Evil 6 Remastered, Resident Evil 7 and The Last of Us Remastered (PS4)",349.99,PS4,Buy Now,nan
1215,Plants vs Zombies: Battle for Neighborville (PS4),23.99,Sony PlayStation 4,Buy Now,Action
1216,Planet Coaster: Console Edition (Xbox One/Xbox Series X),39.99,"Microsoft Xbox Series X, Microsoft Xbox One",Buy Now,Simulation
1217,The Escapists 1 and 2 (PS4),19.99,PS4,Buy Now,"Puzzle, RPG"
1218,The Legend of Zelda Breath of the Wild (Nintendo Switch),56.99,Nintendo Switch,Buy Now,"Action, Puzzle, RPG"
1219,Nintendo Switch Console - Fortnite Limited Edition with Mario Kart 8 Deluxe and Splatoon 2,444.99,Nintendo Switch,Buy Now,nan
1220,Cyberpunk 2077 (PS4),53.49,PS4,Buy Now,"Action, RPG"
1221,Nintendo Switch Ring Fit Adventure Edition with Super Mario Party and Neon Purple/Orange Joy-Con Pair,484.99,Nintendo Switch,Buy Now,nan
1222,Nintendo Switch Ring Fit Adventure Edition with Super Mario Party,439.99,Nintendo Switch,Buy Now,nan
1223,Call of Duty Black Ops Cold War (PS5),72.99,Sony PlayStation 5,Buy Now,"Action, FPS"
1224,Nintendo Switch Console Animal Crossing: New Horizons Edition with Pikmin 3 Deluxe,399.99,Nintendo Switch,Buy Now,nan
1225,Call of Duty Black Ops Cold War (Xbox One/Xbox Series X),72.99,"PC, Microsoft Xbox Series X, Sony PlayStation 5, Microsoft Xbox One, Sony PlayStation 4, Sony PlayStation 3, Microsoft Xbox 360, Microsoft Xbox",Buy Now,"Action, FPS"
1226,Chibi-Robo! Zip Lash (Nintendo 3DS),9.99,Nintendo 3DS,Buy Now,Adventure
1227,Nintendo Switch Console - Fortnite Limited Edition with Mario Kart 8 Deluxe and Super Mario Odyssey,444.99,Nintendo Switch,Buy Now,nan
1228,Nintendo Switch Fortnite Edition,359.99,Nintendo Switch,Buy Now,Action
1229,Super Mario 3D World + Bowser's Fury (Nintendo Switch),49.99,Nintendo Switch,Preorder,Action
1230,Planet Coaster: Console Edition (PS5),39.99,PS5,Buy Now,Simulation
